8.522682615372151327e-01 2.620856454913270649e-03 2.235816705454869333e-04
8.540365639970921574e-01 2.840910637384428967e-03 2.241059910183983356e-04
8.558057963398257861e-01 3.045704291025990839e-03 2.283791708763722864e-04
8.575759563841965916e-01 2.715811763682517664e-03 2.101198722497023556e-04
8.593471231681433231e-01 3.327219944524303571e-03 1.953865771502323937e-04
8.611192517924644019e-01 2.944487576572592160e-03 2.080198176336137432e-04
8.628922994258600987e-01 3.173639774293933458e-03 1.980993364507474454e-04
8.646662634388007085e-01 2.819046174789825374e-03 2.080896289031994892e-04
8.664411723585699887e-01 3.082058626107146530e-03 2.058396716027079956e-04
8.682170794499739497e-01 2.952676508887472091e-03 2.045140399119274826e-04
8.699938942426127531e-01 2.715744044924580519e-03 1.971450888182858124e-04
8.717716142610367758e-01 3.098227460266120194e-03 1.951618589486175384e-04
8.735502384985611712e-01 2.858776808799139580e-03 1.847051422191834931e-04
8.753298483451794620e-01 2.905057960409360932e-03 1.940419307294753096e-04
8.771103823328808557e-01 2.910035678421064170e-03 1.843981842072809718e-04
8.788918104430376577e-01 2.866549388157127020e-03 1.901619575567356968e-04
8.806741302294351925e-01 2.975576636112667924e-03 1.923682253361706470e-04
8.824573641715643957e-01 3.033440279471964329e-03 1.815306680684413386e-04
8.842415663713074636e-01 3.116247464090040210e-03 1.810730089069072680e-04
8.860266548037207812e-01 2.865676127722134679e-03 1.775414612641086414e-04
8.878126238198069675e-01 3.257551158339281380e-03 1.908093766875568610e-04
8.895994713122667985e-01 2.965950378194430383e-03 1.861838241039880158e-04
8.913872505443718453e-01 3.065906880914846897e-03 1.927789669054567727e-04
8.931759513768344760e-01 2.755864581237473746e-03 1.804658511777348907e-04
8.949655220678949252e-01 2.869448150720542955e-03 1.896524303724027609e-04
8.967559598130239173e-01 3.138889589646006242e-03 1.756121635948646907e-04
8.985472634519593438e-01 3.144043562465820459e-03 1.740910489234082092e-04
9.003395054015498333e-01 3.020103907639856613e-03 1.845212703796548267e-04
9.021326304216863434e-01 3.030791005817888833e-03 1.727490918946849045e-04
9.039266114450315026e-01 2.792873672887849577e-03 1.791991096295806175e-04
9.057214460098492737e-01 3.031682967611091465e-03 1.686674853922945307e-04
9.075171403767120504e-01 3.151527417496246663e-03 1.691694227380522927e-04
9.093137555719801313e-01 2.828611750202730639e-03 1.657845725433566213e-04
9.111112327742443284e-01 2.822462371501201737e-03 1.715395925284068587e-04
9.129095524943798834e-01 3.055396831751698919e-03 1.713063002122609780e-04
9.147087122677708404e-01 3.052045970450817120e-03 1.663969373136234969e-04
9.165087199490644654e-01 3.097343018773768795e-03 1.496070972813230314e-04
9.183096319902406268e-01 2.956478454501567255e-03 1.526333157829497028e-04
9.201113900294486392e-01 2.793951981026385374e-03 1.667571782390943986e-04
9.219139771308808573e-01 2.898040030884617511e-03 1.488783323506649128e-04
9.237173908286686608e-01 3.160519572058656176e-03 1.575886490326644279e-04
9.255216354166575510e-01 3.017186170684360135e-03 1.555449286881751896e-04
9.273267683464365696e-01 2.572217699074051591e-03 1.663314121159880136e-04
9.291327362180012983e-01 2.823230139689430519e-03 1.590225736759099274e-04
9.309395197324472626e-01 2.857734872426599074e-03 1.569180990735500410e-04
9.327471164241925017e-01 3.144461688487859043e-03 1.554399368212230274e-04
9.345555239031452244e-01 2.817333465405794189e-03 1.543442012031197015e-04
9.363648009185141508e-01 2.666834029590082859e-03 1.529548763892845883e-04
9.381749079071652897e-01 3.028884219707868135e-03 1.583543049660329316e-04
9.399858172389418121e-01 2.751947229210377488e-03 1.604416973279922424e-04
9.417975263729416735e-01 2.809492744926889510e-03 1.595656133214014456e-04
9.436100330561578708e-01 2.656220204103464100e-03 1.523995336592005455e-04
9.454233684938764259e-01 3.031122033415055254e-03 1.546140770068898723e-04
9.472375442936449286e-01 2.592052413980334459e-03 1.521476551242846467e-04
9.490525092433390597e-01 2.935741726765476751e-03 1.487130597941383880e-04
9.508682606699243589e-01 2.820781838229896154e-03 1.377911918479163603e-04
9.526847961118919406e-01 2.910959430881880812e-03 1.605609725937880801e-04
9.545021230284782554e-01 3.007127211280577299e-03 1.483620411050449051e-04
9.563202872889977613e-01 2.851397781124497422e-03 1.344805019654341709e-04
9.581392380755062721e-01 2.762657765084897306e-03 1.443694588275113713e-04
9.599589620687328795e-01 2.813938647536099597e-03 1.325818428925603244e-04
9.617794568118867016e-01 2.838673591170314849e-03 1.403976510417162288e-04
9.636007200442633369e-01 2.972650917542746067e-03 1.452634812538237605e-04
9.654227817948801693e-01 2.754526479996695365e-03 1.443028641063342176e-04
9.672456488790470708e-01 2.884147266599953151e-03 1.441853762694813277e-04
9.690692761568633351e-01 2.682315319778110028e-03 1.476422738858659117e-04
9.708936609806035900e-01 2.900491534195470244e-03 1.447151028790914079e-04
9.727188008992675439e-01 2.862874110415656280e-03 1.376637296288379519e-04
9.745446934729755650e-01 2.952760752369249387e-03 1.374758225411372740e-04
9.763713896928204461e-01 3.227885114643918706e-03 1.515545164687941973e-04
9.781988514245819610e-01 2.852580304718852107e-03 1.485954809246327552e-04
9.800270575756329094e-01 2.985742727913086141e-03 1.428378314537841198e-04
9.818560056910963230e-01 2.568523135740490536e-03 1.410322061773997254e-04
9.836856933274999992e-01 2.939715895412778075e-03 1.382486686422581201e-04
9.855161236802346680e-01 2.592043275462857857e-03 1.348785389285298735e-04
9.873473393277202304e-01 3.004336714140935002e-03 1.430747919329135396e-04
9.891792985372113156e-01 2.888911802816518208e-03 1.430691241982647184e-04
9.910119866522207888e-01 3.006780797929317368e-03 1.419658522822929718e-04
9.928454012379355209e-01 2.792392342319576209e-03 1.356421573469287535e-04
9.946795398600365434e-01 3.041267807109054346e-03 1.370589444299139003e-04
9.965144057000430156e-01 2.780817362261175148e-03 1.447397180528275766e-04
9.983500388440431639e-01 2.870492213906187563e-03 1.406803727673466549e-04
1.000186399265629689e+00 2.919740337314101226e-03 1.390725400945608844e-04
1.002023473184357583e+00 2.976322582320150428e-03 1.405559664724921501e-04
1.003861258175795079e+00 3.103614543195628000e-03 1.342572426753224223e-04
1.005699751816290677e+00 3.089864320630706339e-03 1.352809876102464511e-04
1.007538951925518678e+00 2.903077877312204656e-03 1.334614693136309009e-04
1.009378902117672894e+00 2.902160047747437497e-03 1.405015361006312969e-04
1.011219568275506964e+00 3.130721237731216595e-03 1.330648509409327197e-04
1.013060932623711219e+00 2.883978219572259395e-03 1.298556378935816075e-04
1.014902992749665334e+00 3.080480035375660758e-03 1.331947518974908558e-04
1.016745746241799697e+00 3.067401234963618422e-03 1.318661840236250475e-04
1.018589190820988977e+00 3.047109117244956034e-03 1.246119805563029599e-04
1.020433348912537896e+00 3.051859077068788933e-03 1.265102773779378182e-04
1.022278226012189872e+00 3.051326683563034339e-03 1.364862736403289908e-04
1.024123786235517475e+00 2.992917327377445785e-03 1.370607914149379165e-04
1.025970027051453570e+00 3.109786884723196847e-03 1.279073043888204035e-04
1.027816946061828940e+00 2.972987098631226302e-03 1.338703127956511604e-04
1.029664540869828615e+00 2.788809069545618129e-03 1.299714354063974799e-04
1.031512813906342529e+00 2.854947783717256063e-03 1.353725028677719500e-04
1.033361798847400870e+00 2.937449804809755260e-03 1.265280595977058857e-04
1.035211461242415698e+00 2.829992747359919101e-03 1.330697957484274472e-04
1.037061789160990122e+00 2.903212593175758145e-03 1.370401079461263240e-04
1.038912780219582555e+00 2.760663560422924653e-03 1.213049408175638993e-04
1.040764432036240805e+00 2.960063077310673245e-03 1.263828162880172934e-04
1.042616742230643823e+00 2.981080301239680871e-03 1.284846947320077333e-04
1.044469720426809856e+00 3.014583861304528933e-03 1.250309884316194449e-04
1.046323390953594057e+00 3.117539057545614008e-03 1.210564178337210470e-04
1.048177713272529177e+00 2.949584166753449477e-03 1.250343069095246457e-04
1.050032683800093292e+00 2.893495065555908626e-03 1.201757320857762174e-04
1.051888300170325863e+00 3.113675204654886130e-03 1.202819477380850417e-04
1.053744560019113985e+00 2.936569668332119232e-03 1.300956739711773636e-04
1.055601461015354126e+00 3.073871814601821916e-03 1.340268068448864018e-04
1.057459014911470430e+00 3.057472371880164564e-03 1.319278933130999779e-04
1.059317239807789690e+00 2.854655551202909917e-03 1.222616493194885042e-04
1.061176098140830915e+00 3.043007203141322257e-03 1.193898742695620376e-04
1.063035587530495096e+00 3.301431670467873999e-03 1.217739277411694382e-04
1.064895705629915978e+00 2.964937072191954626e-03 1.238332955060342526e-04
1.066756450094317632e+00 2.966291701638864870e-03 1.197045854591487625e-04
1.068617818581053314e+00 2.814621775349680950e-03 1.235973452287267391e-04
1.070479818039095754e+00 2.837390382459726614e-03 1.283477511912696251e-04
1.072342470929975589e+00 3.175313300299904221e-03 1.124173652932160093e-04
1.074205742748169934e+00 3.118966060387649234e-03 1.132754845124234026e-04
1.076069628642421838e+00 3.031161892153552088e-03 1.202627075178340418e-04
1.077934126286353544e+00 3.052989701236965506e-03 1.188410524066896610e-04
1.079799233355901444e+00 3.009278816192975832e-03 1.197282531886173051e-04
1.081664947529352272e+00 2.974748648025852312e-03 1.171497094128452532e-04
1.083531266847289398e+00 2.755020434119914013e-03 1.222914840823790389e-04
1.085398220912546119e+00 3.014992696864314276e-03 1.169857403187801617e-04
1.087265785113616268e+00 2.841681705411669596e-03 1.196854510747490216e-04
1.089133946589384561e+00 2.996559743678403349e-03 1.179982336327526070e-04
1.091002703035242050e+00 3.029011586299842733e-03 1.154176059529472392e-04
1.092872052149101325e+00 2.947983743025040307e-03 1.152147287464486825e-04
1.094741991631431377e+00 2.687758897914508532e-03 1.145441319625227028e-04
1.096612519185287571e+00 2.963341201414007413e-03 1.118146634207173930e-04
1.098483640254118932e+00 2.829733140532276429e-03 1.187168666380341561e-04
1.100355374600065828e+00 3.074732610376931016e-03 1.221842159594138525e-04
1.102227692209218901e+00 2.857511876926489836e-03 1.188893691224374155e-04
1.104100588196319954e+00 2.748975734857861918e-03 1.177108348804584912e-04
1.105974060282419957e+00 2.668708738536647741e-03 1.117128535215909462e-04
1.107848106191313686e+00 2.804006713229825407e-03 1.132504736374366321e-04
1.109722723649571474e+00 3.089806379450349243e-03 1.125989631905421309e-04
1.111597910386566301e+00 2.985506750048041655e-03 1.156954719583425610e-04
1.113473672859507602e+00 2.981038263264128470e-03 1.200169351335189980e-04
1.115350027917908715e+00 3.097686990976435996e-03 1.165842363744148675e-04
1.117226945703137631e+00 2.984673186423762031e-03 1.159333458323589958e-04
1.119104423213203692e+00 2.827869959352314385e-03 1.135282511990789951e-04
1.120982458196278841e+00 2.966582265518913873e-03 1.170026112154066181e-04
1.122861048403483775e+00 3.058913936297562395e-03 1.160028311416364091e-04
1.124740191588912364e+00 2.909440669828205605e-03 1.132757100694049558e-04
1.126619885509661856e+00 2.906970438395257636e-03 1.119069815398209472e-04
1.128500132401788481e+00 2.699008962045717532e-03 1.123447214784593668e-04
1.130380951268148415e+00 2.963441848035515760e-03 1.038266614032997960e-04
1.132262318208967056e+00 2.872804750982696671e-03 1.107888259694280364e-04
1.134144226474465000e+00 3.167893294267450435e-03 1.173598906966550888e-04
1.136026673841262102e+00 2.798786764134965962e-03 1.129097520659570357e-04
1.137909658089110376e+00 3.091579692565779146e-03 1.155859182463420533e-04
1.139793177000919755e+00 3.006103972492603794e-03 1.199775062576114820e-04
1.141677228362782737e+00 2.974913835893154210e-03 1.215308313290727575e-04
1.143561810020654823e+00 3.000789750888731202e-03 1.147961055099453072e-04
1.145446934543341344e+00 3.141620747318110089e-03 1.163501217121073615e-04
1.147332601830625354e+00 2.789945096604484667e-03 1.162543936672995256e-04
1.149218792360512165e+00 2.831073890505443613e-03 1.080378147259588532e-04
1.151105503882491110e+00 2.773028248626732781e-03 1.195067550802388442e-04
1.152992734206129688e+00 2.916947653472379970e-03 1.165174343090871029e-04
1.154880481144320292e+00 2.811536287970085174e-03 1.068841533583494454e-04
1.156768742513304193e+00 3.031285562404228973e-03 1.121386433701799558e-04
1.158657516132691967e+00 3.064373757038633180e-03 1.115293950026851379e-04
1.160546799871904566e+00 2.866950168640463627e-03 1.087229306188951711e-04
1.162436608521469239e+00 2.792640334370427059e-03 1.119197259737272974e-04
1.164326935103681571e+00 2.982254294860171157e-03 1.105570686452571815e-04
1.166217764885155272e+00 3.021223340977736461e-03 1.074706996045369264e-04
1.168109095659824348e+00 3.175820740449592904e-03 1.066867990741291323e-04
1.170000925271618808e+00 2.941248764003142474e-03 1.123118963786398823e-04
1.171893251567967642e+00 3.213618873336841330e-03 1.092603278259215950e-04
1.173786072399819247e+00 3.135442518549691037e-03 1.202444486931806015e-04
1.175679385621660078e+00 2.924002144809632366e-03 1.102615128176654823e-04
1.177573189110085572e+00 3.093040330446232035e-03 9.996545902857564391e-05
1.179467489067795194e+00 3.048247198799527210e-03 1.026734849212260285e-04
1.181362293569529376e+00 3.062950250819498899e-03 1.114303897318732746e-04
1.183257581551967030e+00 2.890417762838274479e-03 1.167529855478631099e-04
1.185153350872439226e+00 2.931072661408864587e-03 1.117291134981446125e-04
1.187049599410502587e+00 3.010794492522075438e-03 1.081897386402175162e-04
1.188946325049366592e+00 3.073335832845055897e-03 1.093907887016523357e-04
1.190843525675914227e+00 2.838080791128729571e-03 1.101768212331909311e-04
1.192741199180721079e+00 3.091506444748982809e-03 1.077656434354827195e-04
1.194639343458071323e+00 3.088366020634110681e-03 1.113118636148036311e-04
1.196537956435424377e+00 3.158357312207654352e-03 1.138371108924394109e-04
1.198437051420079502e+00 2.985614934871365801e-03 1.048285877001418139e-04
1.200336619878024091e+00 2.930412981254821615e-03 1.139396589073672747e-04
1.202236650400939855e+00 3.234006099107739150e-03 1.072497618016348249e-04
1.204137140875620515e+00 2.872439242574663983e-03 9.556596799570436925e-05
1.206038089222165599e+00 3.000273561684574635e-03 1.132611485779037223e-04
1.207939493364487804e+00 2.794938020965189937e-03 1.137531662557602778e-04
1.209841351230327655e+00 2.843307637430130159e-03 1.150134466242931771e-04
1.211743660751271268e+00 2.769436484446690348e-03 1.101380256723985822e-04
1.213646419862767223e+00 3.045608383369340175e-03 1.095715119218637981e-04
1.215549626537997252e+00 2.804441721658323342e-03 1.071748885854705453e-04
1.217453289574500275e+00 2.818189253207837534e-03 1.029681256516954769e-04
1.219357407343504729e+00 2.958945805367449965e-03 1.003885271581668248e-04
1.221261966193735171e+00 3.127205040642041470e-03 1.062324493317667764e-04
1.223166964049233973e+00 2.821149986294600471e-03 1.098847891549690673e-04
1.225072398871915436e+00 2.848651314245992730e-03 1.094247348532778391e-04
1.226978268627644475e+00 3.060579157693519171e-03 1.117495436654428686e-04
1.228884571286252392e+00 2.850250250736045994e-03 1.112259740622757368e-04
1.230791304821553078e+00 2.894824563874131684e-03 1.086793384496827431e-04
1.232698467211355897e+00 3.049250448951334753e-03 1.114298549197284820e-04
1.234606056437483002e+00 2.911108359566038761e-03 1.079147574479396264e-04
1.236514071507970325e+00 2.881859224353805569e-03 1.041916160587617901e-04
1.238422524490826460e+00 2.898068236731152648e-03 1.086053328956096864e-04
1.240331402139946082e+00 2.997377611650241160e-03 1.111154009016680869e-04
1.242240698297434776e+00 2.979939928476042603e-03 1.026823937562419578e-04
1.244150410968131393e+00 2.876100988140509445e-03 1.095928249017944043e-04
1.246060538160951081e+00 3.004142381640221605e-03 1.093871882963803747e-04
1.247971077888898161e+00 2.751371950827801761e-03 1.100735157157197911e-04
1.249882028169078341e+00 2.899280331944655963e-03 1.071841397644634125e-04
1.251793387022713588e+00 2.838501561206337696e-03 1.127124777900415678e-04
1.253705152475154794e+00 2.571793563840721678e-03 1.141549897736588982e-04
1.255617322555894200e+00 2.869037692837630212e-03 1.112834983889519869e-04
1.257529895313578505e+00 2.701536037769216182e-03 1.091153424267273962e-04
1.259442880698661060e+00 2.785285331309839563e-03 1.107608684433202033e-04
1.261356270829086856e+00 2.956900369027360472e-03 1.026769670495310607e-04
1.263270057492826837e+00 2.775323974337362207e-03 1.136996550341698057e-04
1.265184238727768307e+00 3.211668475955066580e-03 1.116350694889067053e-04
1.267098812591032519e+00 2.996167076649841523e-03 1.084854777934634738e-04
1.269013777143950916e+00 2.996872320089042328e-03 1.130016063866036744e-04
1.270929130452075562e+00 2.902846678658514094e-03 1.112828943923621020e-04
1.272844870585190691e+00 2.991691442925971823e-03 1.182611782389943357e-04
1.274760995617325587e+00 2.728650490317956808e-03 1.132073584843496970e-04
1.276677503626764576e+00 2.906460496521056508e-03 1.026928669221733562e-04
1.278594392696058790e+00 2.863827367988987151e-03 1.084717701346374439e-04
1.280511661825070480e+00 2.882523608983321786e-03 1.058735171631143698e-04
1.282429320237945980e+00 2.908059124246091011e-03 1.146285589892865410e-04
1.284347356957953323e+00 2.924922737947927530e-03 1.161414558589631246e-04
1.286265766867341842e+00 3.090180383687640784e-03 1.120871329729814615e-04
1.288184548072480951e+00 2.862012807115467058e-03 1.087527689549638903e-04
1.290103698684054390e+00 2.963724193529811146e-03 1.046438014060725605e-04
1.292023216817069109e+00 2.829154563051605297e-03 1.122664248811899222e-04
1.293943100590866813e+00 2.755198907220513926e-03 1.061935140965557630e-04
1.295863348129135062e+00 2.783345277563424071e-03 1.179480559448122082e-04
1.297783957559915269e+00 2.786746396671627504e-03 1.077895929885468775e-04
1.299704927015614020e+00 2.772401441871468093e-03 1.150992004575840752e-04
1.301626254633012625e+00 2.968973155074188484e-03 1.125266637200763355e-04
1.303547938567109377e+00 2.889929845281216398e-03 1.120303378091146753e-04
1.305469982453169919e+00 2.832718300443351749e-03 1.131621668042259477e-04
1.307392387572655412e+00 2.989980435141427386e-03 1.092854567132632451e-04
1.309315143238842793e+00 2.785406349241252924e-03 1.108601588785475175e-04
1.311238247598778495e+00 2.922642407612190997e-03 1.111722198938310614e-04
1.313161698817793210e+00 3.012197718894057442e-03 1.128534413539528678e-04
1.315085495065641208e+00 2.806947666796846645e-03 1.084356066555625103e-04
1.317009634516509209e+00 3.024664848939559534e-03 1.080983907802866639e-04
1.318934115349025049e+00 2.840340578519320348e-03 1.133155280196781063e-04
1.320858935746266560e+00 2.843823655653382812e-03 1.113984229933898329e-04
1.322784093895770008e+00 2.683803871262077905e-03 1.081856452787349407e-04
1.324709587989540083e+00 3.064694791404565764e-03 1.123218179763190409e-04
1.326635416224055231e+00 3.102011409040388804e-03 1.126219570438903090e-04
1.328561576800278532e+00 2.803867715150979052e-03 1.069363644632029519e-04
1.330488070525184696e+00 2.949671754320330221e-03 1.083688725140048156e-04
1.332414902275356861e+00 2.922378656531945344e-03 1.161291257418197061e-04
1.334342061365520360e+00 2.817915460757467599e-03 1.093066424023486557e-04
1.336269545451535645e+00 3.038059543184883429e-03 1.082463801554250769e-04
1.338197352758809799e+00 2.900222163167047191e-03 1.189647451374490521e-04
1.340125481517266071e+00 2.738848619537257324e-03 1.155188402122869534e-04
1.342053929961352310e+00 2.968227972038587140e-03 1.148545024623991569e-04
1.343982696330047855e+00 2.844169810054723510e-03 1.186170922080696230e-04
1.345911778866870634e+00 2.861770199554497952e-03 1.126296522469698492e-04
1.347841175819885606e+00 2.837910306538507163e-03 1.108895128564047931e-04
1.349770885441710977e+00 2.931097788958804667e-03 1.134447127681577485e-04
1.351700905989525747e+00 2.931309861335365443e-03 1.202881768090361460e-04
1.353631235725078374e+00 3.092963814280254558e-03 1.185966649096471310e-04
1.355561872914689658e+00 2.944149890901456412e-03 1.189722455293294512e-04
1.357492817771165594e+00 2.981801069045695012e-03 1.131129353793308457e-04
1.359424074649296710e+00 3.019331803728104134e-03 1.145506801711247783e-04
1.361355634446504315e+00 2.971278731927780043e-03 1.086642132956285706e-04
1.363287494636626906e+00 2.935307630434560305e-03 1.141594346897564284e-04
1.365219653510671538e+00 2.921274673730268369e-03 1.199982614157368209e-04
1.367152109364248247e+00 3.047080114298065991e-03 1.183976935487542190e-04
1.369084860497572942e+00 3.182406460743648132e-03 1.059664979471567421e-04
1.371017905215477395e+00 2.837255307629508137e-03 1.122120045824517571e-04
1.372951241827414570e+00 2.956725804351648546e-03 1.175290968685584279e-04
1.374884868647461733e+00 3.181159986682966911e-03 1.185040399315221077e-04
1.376818783994330886e+00 3.125963738469718801e-03 1.097016063301944254e-04
1.378752986191373209e+00 3.061562268206232708e-03 1.199220049245495594e-04
1.380687473566584167e+00 3.077400294163374316e-03 1.112589047609787677e-04
1.382622244452610172e+00 2.908990134212589146e-03 1.175224417991202274e-04
1.384557297186753910e+00 2.987655805388764012e-03 1.238166513127682939e-04
1.386492631817360710e+00 2.868755145571562359e-03 1.214107366072846809e-04
1.388428251850601924e+00 3.066063438182026202e-03 1.251768780932710099e-04
1.390364149266780203e+00 3.102178845975242689e-03 1.201514867601552764e-04
1.392300321775993943e+00 3.126118125278806205e-03 1.216182586307932548e-04
1.394236767740432370e+00 3.067721408477083571e-03 1.181452160263142835e-04
1.396173485526963631e+00 2.919734344415306822e-03 1.139532220706076013e-04
1.398110473507137463e+00 2.813697925831378996e-03 1.183305851386176946e-04
1.400047730057193407e+00 2.760828608639872769e-03 1.243728822681098147e-04
1.401985253558063249e+00 3.058505405729583168e-03 1.228390589223231778e-04
1.403923042395378129e+00 2.848345772713392794e-03 1.191747020812160209e-04
1.405861094959473867e+00 2.893293754990627215e-03 1.179528386721859099e-04
1.407799409645393851e+00 2.974685893326657789e-03 1.141337447691668431e-04
1.409737984852895476e+00 2.741653484712318605e-03 1.146374685876221620e-04
1.411676818986455917e+00 2.740329988627709327e-03 1.177536351559597917e-04
1.413615910455274793e+00 2.895585741924724347e-03 1.216310072672017073e-04
1.415555257673280387e+00 3.060332925690126792e-03 1.226712553118588990e-04
1.417494860387934263e+00 2.862159457443842325e-03 1.147645749593118514e-04
1.419434721493405327e+00 3.171088076701895561e-03 1.177702972575450142e-04
1.421374834147428157e+00 2.885940820570347815e-03 1.207551948962560671e-04
1.423315196122772797e+00 2.844957719961813212e-03 1.179302241672353563e-04
1.425255805858414604e+00 2.918334888642759063e-03 1.290343701541338912e-04
1.427196661798074029e+00 2.610306482074734036e-03 1.313223614152889867e-04
1.429137762390219946e+00 2.943670597009033149e-03 1.248238417420203855e-04
1.431079106088074759e+00 3.092500227477862698e-03 1.237182184844490490e-04
1.433020691349618847e+00 2.961798303356454835e-03 1.197756199034446275e-04
1.434962516637592778e+00 3.050081413369239072e-03 1.266686110719912400e-04
1.436904580419505528e+00 3.115838467423526648e-03 1.283560105345184774e-04
1.438846881167633818e+00 3.209459472568738491e-03 1.246645878391341652e-04
1.440789417359029878e+00 3.046347701633176502e-03 1.285313660739258721e-04
1.442732187475523897e+00 2.877012630406174717e-03 1.242453047201212744e-04
1.444675190003727572e+00 3.005267077480754719e-03 1.233176378417853963e-04
1.446618423435038991e+00 2.875537603808780811e-03 1.228020362302120890e-04
1.448561886265645304e+00 2.673792028165214874e-03 1.194712786847700666e-04
1.450505577499427101e+00 2.854272210016568084e-03 1.307658424839182668e-04
1.452449499981507852e+00 2.781359279551558292e-03 1.324486228462318823e-04
1.454393648422676044e+00 2.725233560013496162e-03 1.211577631179238654e-04
1.456338020183388871e+00 2.988462478991364690e-03 1.311539566777324313e-04
1.458282613785003790e+00 2.959234367203588539e-03 1.314236361420624262e-04
1.460227427753679086e+00 2.981186838050037171e-03 1.206181751604131950e-04
1.462172460620379200e+00 3.066416052388728532e-03 1.316999798800074710e-04
1.464117710920877835e+00 3.094529197792014481e-03 1.280004267078174035e-04
1.466063177195759959e+00 2.815408985759692770e-03 1.257881756419190549e-04
1.468008857990427796e+00 3.012382833630214852e-03 1.324235991938085865e-04
1.469954751855102604e+00 2.795748930784239424e-03 1.274680651633992737e-04
1.473847173019470880e+00 2.945262077370497302e-03 1.312421338566401561e-04
1.475793697443731345e+00 3.069634388883151713e-03 1.281319646755038632e-04
1.477740429187138993e+00 3.009739259130789733e-03 1.360737753078445462e-04
1.479687366824059103e+00 2.804172310971779318e-03 1.252065179104884149e-04
1.481634508933695304e+00 3.160675427230083285e-03 1.338430607457438291e-04
1.483581854100092690e+00 2.950864765791083415e-03 1.299835041277861390e-04
1.485529400916237197e+00 2.894528581810242723e-03 1.265327614272498925e-04
1.487477150300597240e+00 2.799247994449081175e-03 1.334468690763566793e-04
1.489425101450642774e+00 2.995106809605494174e-03 1.351430067199145318e-04
1.491373249950525892e+00 2.835202770270252737e-03 1.227607667883809427e-04
1.493321594405434993e+00 2.613145542240226122e-03 1.220788986036414677e-04
1.495270133429521975e+00 3.000204763265191307e-03 1.245346939791878473e-04
1.497218865641790853e+00 2.784173406430676036e-03 1.397653194608746926e-04
1.499167789666101758e+00 2.860793262027616548e-03 1.290394934239926460e-04
1.501116904131172713e+00 3.072944657281570513e-03 1.423452882946166340e-04
1.503066207670583854e+00 2.888635110651470699e-03 1.390282292922493561e-04
1.505015698922778533e+00 2.962571574395193516e-03 1.313368008781290778e-04
1.506965376531066880e+00 2.851194287361882591e-03 1.344748209285648592e-04
1.508915239143628018e+00 3.052449433659762228e-03 1.269616373517076856e-04
1.510865285413512504e+00 2.916662351539131993e-03 1.253168547774503091e-04
1.512815513998644779e+00 2.880520901610019412e-03 1.360729745771908613e-04
1.514765923561826266e+00 2.983808155020790161e-03 1.297217747021058108e-04
1.516716512770737157e+00 2.857018575970760033e-03 1.407146805499429325e-04
1.518667280297938849e+00 2.861618855522354149e-03 1.337451523797702883e-04
1.520618224820876385e+00 2.966544915177192921e-03 1.288476926222370653e-04
1.522569345021880682e+00 3.011998882652434321e-03 1.305301475556382119e-04
1.524520639591126159e+00 2.999972737470902543e-03 1.337852529903939952e-04
1.526472109669823940e+00 2.991463351380615771e-03 1.313643568838883250e-04
1.528423753253457029e+00 2.974294947584104655e-03 1.306609679864585661e-04
1.530375567216526900e+00 3.044004169040708408e-03 1.394593175190782307e-04
1.532327550263715255e+00 2.587532989313265884e-03 1.366862651971586791e-04
1.534279701107561955e+00 2.633938515295055054e-03 1.281652590879289711e-04
1.536232018465499838e+00 2.616999809184890596e-03 1.392153168645189317e-04
1.538184501059859377e+00 2.710771288256239898e-03 1.308760622481021114e-04
1.540137147617869129e+00 2.877522196626392664e-03 1.257210087243986699e-04
1.544042927558257450e+00 3.077645221839628645e-03 1.278824024352284586e-04
1.545996058419603525e+00 2.870919257585005831e-03 1.362333636320915416e-04
1.547949348202538822e+00 2.831425116419907830e-03 1.320970050847055982e-04
1.549902795658814503e+00 2.894462372457426869e-03 1.349604223803076727e-04
1.551856399545092025e+00 2.715572536963585873e-03 1.370918499296301131e-04
1.553810158622944471e+00 2.809965293659894350e-03 1.327922965169276413e-04
1.555764071658860104e+00 2.698017503885816789e-03 1.307913612312416982e-04
1.557718137424242588e+00 2.809260272563271488e-03 1.242720870219166151e-04
1.559672354695412544e+00 2.745981629905988250e-03 1.314127746920515513e-04
1.561626722253611099e+00 3.069512470264464891e-03 1.310201095311412124e-04
1.563581238885001001e+00 2.692002464218299414e-03 1.361473279709006100e-04
1.565535903380665950e+00 2.874880487231795938e-03 1.324219752669046136e-04
1.567490715302227500e+00 2.831140977329640613e-03 1.364406061607111313e-04
1.569445675164107712e+00 2.945575212508700063e-03 1.334286836837333761e-04
1.571400779302946082e+00 3.026116111029865993e-03 1.293715358407785732e-04
1.573356026454347800e+00 3.080429607236794681e-03 1.445119197744043442e-04
1.575311415434748508e+00 2.984671034968987714e-03 1.356847721898719785e-04
1.577266945065510573e+00 2.776235404912920628e-03 1.388242156991808857e-04
1.579222614172924199e+00 2.837803864486218575e-03 1.396547044498152820e-04
1.581178421588211869e+00 2.747874802480833930e-03 1.417866004442948173e-04
1.583134366147524119e+00 2.628631522522734045e-03 1.339695872809657786e-04
1.585090446691947541e+00 2.926704784747128415e-03 1.427852818258954751e-04
1.587046662067501224e+00 2.981096708543884508e-03 1.383856986540306898e-04
1.589003011125142084e+00 2.879843718743234186e-03 1.363428094587640588e-04
1.590959492720762869e+00 2.669289209450753653e-03 1.336374856492562511e-04
1.592916105715196373e+00 2.818477230667686129e-03 1.342942064219165323e-04
1.594872848974215440e+00 2.870514290791171749e-03 1.356816831741091257e-04
1.596829721368534294e+00 3.006168248821015476e-03 1.400964910695967245e-04
1.598786721773810315e+00 3.071838645766568170e-03 1.472586305886539851e-04
1.600743849070646041e+00 2.874296092342541308e-03 1.448524502677475678e-04
1.602701102144588496e+00 2.942156488923776923e-03 1.372241981390854876e-04
1.604658479886133193e+00 2.875969935378310319e-03 1.455557978635208958e-04
1.606615981190722797e+00 2.699366016362987706e-03 1.375113631157926343e-04
1.608573604958750014e+00 2.857428330877142056e-03 1.436594467828668622e-04
1.610531350095643077e+00 2.915586598804613926e-03 1.384131011750351376e-04
1.612489216167017236e+00 2.648922364667885034e-03 1.404227311319834249e-04
1.614447203307193046e+00 3.291740479383129577e-03 1.450084960529982026e-04
1.616405308508375160e+00 2.704972718009053187e-03 1.446270279219048695e-04
1.618363530696233177e+00 3.021209320591644338e-03 1.463526907123559740e-04
1.620321868801472665e+00 2.745935025154159700e-03 1.372486022756370754e-04
1.622280321759753230e+00 2.950841898820260028e-03 1.342430792143727274e-04
1.624238888511688295e+00 2.878531837837080675e-03 1.412751680319440227e-04
1.626197568002846428e+00 2.915748156468289404e-03 1.462846788127833788e-04
1.628156359183753565e+00 2.752413938724078499e-03 1.385046799167704147e-04
1.630115261009893235e+00 2.974145491649688930e-03 1.330561664400755023e-04
1.632074272441706553e+00 2.865962171860327295e-03 1.433069243674284124e-04
1.634033392444596000e+00 3.079091316602369267e-03 1.442817728764276891e-04
1.635992619988924313e+00 3.041533231670408895e-03 1.345434996563918254e-04
1.637951954050016035e+00 2.973244665398295378e-03 1.403599468987404091e-04
1.639911393608159074e+00 3.025726156309742777e-03 1.438754543972724546e-04
1.641870937648604922e+00 2.792562942599419260e-03 1.439544407288953661e-04
1.643830585161569768e+00 3.039312521919010791e-03 1.435594748399571209e-04
1.645790335142236716e+00 3.007528891027250444e-03 1.495448344808937720e-04
1.647750186590754673e+00 2.694155208582173829e-03 1.496407444557974471e-04
1.649710138512241020e+00 2.954827262253214085e-03 1.421039130433450904e-04
1.651670189916781606e+00 3.180561866426513153e-03 1.486882138028620894e-04
1.655590587240218570e+00 3.014565718169582697e-03 1.532149649679734880e-04
1.657550931204138323e+00 3.057341203487963770e-03 1.438791117861318877e-04
1.659511370741487912e+00 2.956028873795959935e-03 1.429700053682941288e-04
1.661471906228022100e+00 3.098968480849121493e-03 1.495095284123715924e-04
1.663432535869245221e+00 2.842876057617431049e-03 1.457298055350606794e-04
1.665393258160956513e+00 2.603167229450773466e-03 1.443438587693603213e-04
1.667354072153186095e+00 2.907704422498488123e-03 1.498085358578471623e-04
1.669314976901262959e+00 2.978599209122485998e-03 1.526948980002677727e-04
1.671275971465491228e+00 2.944175663341048587e-03 1.488714347042512922e-04
1.673237054911147936e+00 2.685339791848000493e-03 1.374652540728796778e-04
1.675198226308486138e+00 2.615169413833194796e-03 1.449197555085548594e-04
1.677159484732734018e+00 2.928707122366088628e-03 1.642480267086376922e-04
1.679120829264097559e+00 2.981450227715236930e-03 1.470083492289279612e-04
1.681082258987758982e+00 2.592727328536776309e-03 1.489099283117405951e-04
1.683043772993879417e+00 3.038730165882852930e-03 1.457122574639452002e-04
1.685005370377598677e+00 2.678469806342325971e-03 1.480155033424278895e-04
1.686967050239036148e+00 2.777566255249470841e-03 1.455919348642019026e-04
1.688928811683291453e+00 2.616436831677738158e-03 1.458243357021726761e-04
1.690890653820445788e+00 3.130146074612919025e-03 1.513240035541690745e-04
1.692852575765561030e+00 2.755750870948211508e-03 1.440839199354873069e-04
1.694814576638682846e+00 2.944499459611492256e-03 1.525438410695313966e-04
1.696776655564838698e+00 2.865482252160996002e-03 1.612431584524313391e-04
1.698738811674040505e+00 2.757888483875447529e-03 1.536602440695809140e-04
1.700701044101283532e+00 3.048185140194309417e-03 1.634436330085623564e-04
1.702663351986549056e+00 2.590102574307231488e-03 1.571234487442431057e-04
1.704625734474804144e+00 2.880232384446717881e-03 1.508743536538566666e-04
1.706588190716000764e+00 3.262445346827073239e-03 1.525233892212697194e-04
1.708550719865078893e+00 2.973854907426437544e-03 1.544802382803519907e-04
1.710513321082490323e+00 2.857887216685233052e-03 1.605988115930182371e-04
1.714438738555425168e+00 3.315666253672577401e-03 1.591896720847667832e-04
1.716401552262627472e+00 2.806678337108848599e-03 1.448845255034401241e-04
1.718364434693967713e+00 2.808310858745055160e-03 1.553925766819200097e-04
1.720327385034722045e+00 2.932009194114392273e-03 1.499762501229870350e-04
1.722290402475154192e+00 2.934724235627979468e-03 1.605942099945403801e-04
1.724253486210515884e+00 2.836731335321486178e-03 1.667129882581639821e-04
1.726216635441048641e+00 2.846012634752686371e-03 1.538775823745822243e-04
1.728179849371982879e+00 2.982471711409550186e-03 1.640467242750919897e-04
1.730143127213539689e+00 2.725512084344691634e-03 1.652022840097855058e-04
1.732106468180930392e+00 2.903492451884493071e-03 1.631351225412100241e-04
1.734069871494356985e+00 2.650105899689337609e-03 1.641962966994398899e-04
1.736033336379013914e+00 2.807871020604923128e-03 1.679350864758644710e-04
1.737996862065086301e+00 3.061116515610367347e-03 1.787305591175063538e-04
1.739960447787754383e+00 2.995250378147765354e-03 1.655667748132548902e-04
1.741924092787187739e+00 2.916731018013455842e-03 1.600087059223847597e-04
1.743887796308552396e+00 3.049612955491008952e-03 1.663835620448126914e-04
1.745851557602006832e+00 2.942214441828413119e-03 1.606415105534175455e-04
1.747815375922704639e+00 2.954251907764722518e-03 1.555622452521245296e-04
1.749779250530792751e+00 2.628356708932352587e-03 1.601458439261716404e-04
1.751743180691414992e+00 2.904385225917200525e-03 1.660714829353720882e-04
1.753707165674710078e+00 2.704591797538797703e-03 1.734258491237375237e-04
1.755671204755812287e+00 3.168800066936581974e-03 1.674465064925965301e-04
1.757635297214853232e+00 2.920731890559241564e-03 1.732238608672300589e-04
1.759599442336959418e+00 3.029205982738307056e-03 1.735245203199326891e-04
1.761563639412257576e+00 3.103024968886212813e-03 1.720957907871786981e-04
1.763527887735869548e+00 2.875690510011644219e-03 1.689903892064222111e-04
1.765492186819817011e+00 2.919409337002868733e-03 1.667738433955251009e-04
1.767456536420920266e+00 2.930044438765563950e-03 1.685224778913170648e-04
1.769420935173871445e+00 3.146674801652970047e-03 1.825813167964834881e-04
1.771385382379811135e+00 2.995342753680024870e-03 1.757600132974596887e-04
1.773349877359198690e+00 2.863790809050460046e-03 1.778979608785786028e-04
1.775314419437489688e+00 2.878623740651228141e-03 1.749288489687045572e-04
1.777279007945137934e+00 3.029805356089538063e-03 1.727170509883951398e-04
1.779243642217596566e+00 2.486254610228427493e-03 1.673894695889183344e-04
1.781208321595316058e+00 2.860492980948581114e-03 1.785507987313046240e-04
1.783173045423747993e+00 2.967222260262820672e-03 1.642763739493169437e-04
1.785137813053341738e+00 3.203867020229895449e-03 1.792279597323439546e-04
1.787102623839547100e+00 3.084459188645692282e-03 1.747289015623895746e-04
1.789067477142814777e+00 2.839744676321308368e-03 1.893308417552845124e-04
1.791032372328594136e+00 2.822928085725888783e-03 1.750886660242829539e-04
1.792997308767336762e+00 2.774528920645804447e-03 1.811902115214680299e-04
1.794962285834494686e+00 2.895342981426682512e-03 1.821834177296787426e-04
1.796927302910521274e+00 2.633001059778887400e-03 1.865186685717065880e-04
1.798892359380871886e+00 3.138801155725285622e-03 1.756887189279802064e-04
1.800857454636002775e+00 3.233441192897530073e-03 1.858140433035681898e-04
1.802822588071373522e+00 3.090046198922960508e-03 1.851549092207767486e-04
1.804787759087445487e+00 2.628742534312813496e-03 1.700982700748058455e-04
1.806752967089682915e+00 3.369866279357033173e-03 1.881216891410471216e-04
1.808718211488552274e+00 2.949824186731112106e-03 1.804761733969625307e-04
1.810683491699524250e+00 2.843729432833182625e-03 1.909010976111555618e-04
1.812648807143072638e+00 3.112894367895529743e-03 1.809509179573971414e-04
1.816579541434810485e+00 3.095232758285586944e-03 2.023903811520747105e-04
1.818544959148966855e+00 2.917401774342085266e-03 1.762687085052153666e-04
1.820510409827744702e+00 3.184995659330325073e-03 1.905697304146026865e-04
1.822475893306689354e+00 3.092704128826691875e-03 1.895171766193375854e-04
1.824441408798628039e+00 3.067360900404121366e-03 1.853176990037322034e-04
1.826406955587280834e+00 2.668774835898418251e-03 1.837080915006429561e-04
1.830338140902627364e+00 2.872993409172432816e-03 1.867909177313407021e-04
1.832303778365952596e+00 3.155176023510667359e-03 1.958513621735955630e-04
1.834269444999139687e+00 2.992141355013571303e-03 1.870694181749943819e-04
1.836235140283016154e+00 3.017167894526669170e-03 2.001888657647995205e-04
1.838200863703413734e+00 2.688041498526159111e-03 1.960516598308123407e-04
1.840166614751169494e+00 2.853255722156427827e-03 2.143297438636429107e-04
1.842132392922125828e+00 2.975692377878144407e-03 2.037141118998892246e-04
1.844098197717130905e+00 2.919914043991479313e-03 1.898928624510552786e-04
1.846064028642038224e+00 3.378355843183456636e-03 2.049767361062606870e-04
1.848029885207708389e+00 2.834264703212258357e-03 2.085977753918875606e-04
1.849995766930006003e+00 3.278471569795431140e-03 2.109720687801965977e-04
1.851961673329804547e+00 2.630210999019614009e-03 1.912243330825305078e-04
1.853927603932981283e+00 3.420183492581191798e-03 2.044128478930767206e-04
1.855893558270422350e+00 2.625067789293564560e-03 1.910124661687529119e-04
1.857859535878019219e+00 3.321451631329226748e-03 2.045681060645827051e-04
1.859825536296670911e+00 2.677149967429152608e-03 2.099085058146473522e-04
1.861791559072283331e+00 2.882435285597818430e-03 1.989488712574269153e-04
1.863757603755768599e+00 2.682033089210507804e-03 2.013729307639388862e-04
1.865723669903048609e+00 2.785218688093346519e-03 1.983473894385533491e-04
1.867689757075050583e+00 2.912201457648962676e-03 2.099325859105728752e-04
1.869655864837709958e+00 2.900813203267549843e-03 2.009376424973350294e-04
1.871621992761970166e+00 2.785481513723965519e-03 1.936440204691265341e-04
1.873588140423781745e+00 2.639019327157088139e-03 2.185289280537217136e-04
1.875554307404104337e+00 2.533799723488642467e-03 2.146773100715554860e-04
1.877520493289039916e+00 3.159580565437034808e-03 2.219154085080425436e-04
1.879486697791279859e+00 3.473255075227731775e-03 2.216961741966346692e-04
1.881452920564111064e+00 2.911226838432649962e-03 2.077605982044228761e-04
1.883419161015825960e+00 2.906168191479433643e-03 2.081260066960824288e-04
1.885385418752561826e+00 2.550880078501510141e-03 2.019884513927204073e-04
1.887351693385600271e+00 2.320447859149165227e-03 2.040936169709277152e-04
1.889317984531232231e+00 2.773980608311999840e-03 1.967392103466294659e-04
1.891284291810755747e+00 2.867195969204209410e-03 2.113776607491760554e-04
1.893250614850478186e+00 2.831357259261559761e-03 2.021694644831579992e-04
1.895216953281714467e+00 2.890100127083380325e-03 2.152542655246914092e-04
1.897183306740788389e+00 3.149782141807688698e-03 2.089297927811348797e-04
1.899149674869032189e+00 2.765986160356445362e-03 1.972109060905641688e-04
1.901116057312787211e+00 3.168127745997594610e-03 2.014624372912768822e-04
1.903082453723403233e+00 3.152849624858354398e-03 2.171582432064583193e-04
1.905048863757238919e+00 2.857914569258756480e-03 2.213382119209214181e-04
1.907015287075662480e+00 2.857007613605561710e-03 2.131778302491899230e-04
1.908981723345049897e+00 3.227070251480732791e-03 2.142669440463796282e-04
1.910948172236788478e+00 2.659565867310884589e-03 2.041608201953110525e-04
1.912914633427272637e+00 2.699184717021906130e-03 2.160800334994120435e-04
1.914881106597906335e+00 3.095587159578712562e-03 2.292992796749738008e-04
1.916847591435104858e+00 2.790763947059044826e-03 2.156364331648747172e-04
1.918814087630290377e+00 2.800960759890684573e-03 2.115649784235790231e-04
1.920780594879896386e+00 2.795412468601136784e-03 1.956080832665189526e-04
1.922747112885365262e+00 3.214215199554546366e-03 2.159089757225952293e-04
1.924713641353148486e+00 3.064876930787378394e-03 2.303966209706639760e-04
1.926680179994708642e+00 2.529702124652401674e-03 2.069588223858788033e-04
1.928646728526517196e+00 2.721389849081055304e-03 2.261042914203563545e-04
1.932579854151812881e+00 2.624887082787426881e-03 2.508500803403590387e-04
1.934546430703293129e+00 2.916954816666557544e-03 2.421346638182859262e-04
1.936513016061065739e+00 2.950297426872900471e-03 2.143919375327100769e-04
1.938479610052262547e+00 2.911825144647875105e-03 2.152352333655951130e-04
1.940446212386012448e+00 2.769457029536473002e-03 2.201979697440254434e-04
1.942412822757389801e+00 2.909662030984528237e-03 2.360745982717180448e-04
1.944379440923146962e+00 2.884555584264558627e-03 2.428937490115088966e-04
1.946346066645104678e+00 3.112052089263384145e-03 2.350290519890554919e-04
1.948312699690094796e+00 3.110406088519739303e-03 2.461096839760566171e-04
1.950279339829958269e+00 3.131524350766225640e-03 2.424824255890687069e-04
1.952245986841546710e+00 3.147022520249862475e-03 2.586549703715095255e-04
1.954212640506721943e+00 2.880705338252636302e-03 2.357332655086865302e-04
1.956179300612355565e+00 3.075721151423206449e-03 2.296205471340411581e-04
1.958145966950329386e+00 2.653554901152183065e-03 2.250402357406032538e-04
1.960112639317535432e+00 2.838828979225668271e-03 2.188875770705434433e-04
1.962079317515876165e+00 2.836802713212577352e-03 2.252658953020745213e-04
1.964046001352264037e+00 2.804643724104042678e-03 2.297668334808569321e-04
1.966012690638621718e+00 3.043739002947628419e-03 2.370411386564749560e-04
1.967979385191882979e+00 2.729199937952427827e-03 2.373899239249871224e-04
1.969946084833991140e+00 3.012786941662817970e-03 2.460122130444585280e-04
1.971912789391899956e+00 3.106932272323693726e-03 2.350410484106393633e-04
1.973879498697573620e+00 3.094345808385960683e-03 2.374882740481779227e-04
1.975846212587987871e+00 3.176638872939171326e-03 2.543598645121896546e-04
1.977812930905127331e+00 3.011510399289271146e-03 2.654132432040522626e-04
1.979779653495987723e+00 3.066991069487705768e-03 2.929636489838117119e-04
1.981746380212575431e+00 2.559881058670473823e-03 2.673636890124070332e-04
1.983713110911907052e+00 2.996468194458329175e-03 2.608125336070328234e-04
1.985679845456010284e+00 2.421949452625814063e-03 2.409575701217297778e-04
1.987646583711922599e+00 2.403951643460992913e-03 2.691034631222120497e-04
1.989613325551693013e+00 2.569540577714240527e-03 2.353142147246608531e-04
1.991580070852379647e+00 3.082170882447552926e-03 2.450527730061997380e-04
1.993546819496052835e+00 2.903344754106656437e-03 2.614475524470718051e-04
1.995513571369815997e+00 2.741953118434756458e-03 2.398070292089745433e-04
1.997480326395805861e+00 2.651097443275623935e-03 2.354336080522578031e-04
1.999447084459334611e+00 2.761226617338254172e-03 2.330663167428880835e-04
2.001413845441164518e+00 3.053346698481057466e-03 2.488698920251974467e-04
2.003380609248649247e+00 2.801461116785958824e-03 2.358633641570820946e-04
2.005347375794178433e+00 2.720329496962097839e-03 2.352073964980905718e-04
2.007314144995151928e+00 2.981974034073373980e-03 2.416972991452311017e-04
2.009280916773978909e+00 3.296763197435393852e-03 2.401469119333663057e-04
2.011247691058080544e+00 2.751808808630953982e-03 2.411640199731695318e-04
2.013214467779888217e+00 2.753442898607790651e-03 2.391911865225046160e-04
2.015181246876844412e+00 3.076974085891014035e-03 2.372943334952872213e-04
2.017148028291400941e+00 2.921127927434880121e-03 2.378000149877777087e-04
2.019114811971022050e+00 2.802505619494751778e-03 2.366165914612709234e-04
2.021081597868181756e+00 2.630951881444912582e-03 2.376252820386897280e-04
2.023048385940363847e+00 2.936304346780522091e-03 2.482933007933098182e-04
2.025015176150065432e+00 2.445166514325188261e-03 2.468497466846881951e-04
2.026981968464791173e+00 3.194364932538789129e-03 2.543811733258181918e-04
2.028948762857059052e+00 2.780924949856997900e-03 2.536081620240786716e-04
2.030915559304395934e+00 2.573194533387362492e-03 2.423836640754475046e-04
2.032882357789339345e+00 3.065512759568037211e-03 2.450459169923081457e-04
2.034849158299440131e+00 3.132790415485964958e-03 2.540782242272099627e-04
2.036815960827257577e+00 3.335073419789958034e-03 2.485837915127083776e-04
2.038782765370361183e+00 2.534929703963552817e-03 2.382981445176323321e-04
2.040749571931333772e+00 2.911992665499380396e-03 2.541046859474742825e-04
2.042716380517765717e+00 3.078547453460521791e-03 2.605143052343035916e-04
2.044683191142260714e+00 2.729238274148053367e-03 2.485527982509389022e-04
2.046650003822432673e+00 2.836052666029991506e-03 2.533865431644152224e-04
2.048616818580904386e+00 3.076084129777788105e-03 2.541775871308075843e-04
2.050583635445313302e+00 2.761220980976053421e-03 2.489285059733750000e-04
2.052550454448303086e+00 2.570271829640313754e-03 2.509504239721040619e-04
2.054517275627551598e+00 3.168119230093773952e-03 2.434345839647927281e-04
2.056484099044078029e+00 2.381206033441912728e-03 2.444677318443660356e-04
2.058450924748364663e+00 3.143424680030266604e-03 2.425287677259809524e-04
2.060417752773936240e+00 3.119962156179567105e-03 2.510097998080629408e-04
2.062384583178727304e+00 3.433752290950623388e-03 2.646232669604306129e-04
2.064351416025703045e+00 3.093817098671320688e-03 2.284240584254067317e-04
2.066318251382838866e+00 2.378678216354419145e-03 2.681124260298577513e-04
2.068285089323121273e+00 2.798373537879960023e-03 2.664742280256915874e-04
2.070251929924547429e+00 2.539880205636796656e-03 2.664556103134540404e-04
2.072218773270125602e+00 3.059879712607977125e-03 2.657628422002576208e-04
2.074185619447874274e+00 2.553568144898354583e-03 2.602283779029746901e-04
2.076152468550823027e+00 2.948200336270122637e-03 2.542495573735670169e-04
2.078119320677012993e+00 2.539686872023585052e-03 2.554960911837387497e-04
2.080086175929495518e+00 3.046108275652879491e-03 2.461238053630912677e-04
2.082053034416332160e+00 2.839147607351540353e-03 2.619709909057196069e-04
2.084019896250596915e+00 2.679715419332472873e-03 2.723961523994875055e-04
2.085986761550373547e+00 2.774956557280554032e-03 2.617513271811898641e-04
2.087953630438756925e+00 2.516791197737362068e-03 2.591323553311518433e-04
2.089920503043853461e+00 3.331615871700292688e-03 2.763323247520367955e-04
2.091887379498779787e+00 2.781855999314152873e-03 2.594172990629579510e-04
2.093854259941663187e+00 2.953558259590678605e-03 2.534425979542356496e-04
2.095821144515642942e+00 2.803408017752597424e-03 2.635769949999745149e-04
2.097788033368869431e+00 3.465609807421920260e-03 2.787897752895882150e-04
2.099754926654502807e+00 2.370310059421523296e-03 2.682960364843954820e-04
2.103688727160688554e+00 2.920916345750533636e-03 2.698270641047353989e-04
2.105655634712618962e+00 2.518693512565163724e-03 2.923586945198434323e-04
2.107622547359709664e+00 3.064491525877562766e-03 2.704188269017818278e-04
2.109589465280178544e+00 2.371807343351542158e-03 2.621313827159820896e-04
2.111556388657252370e+00 2.909719852327279782e-03 2.546198131831548016e-04
2.113523317679186775e+00 3.072944053318486541e-03 2.733434732065229047e-04
2.115490252569355967e+00 2.810857525582388747e-03 2.898796190183272050e-04
2.117457193571708807e+00 2.755631726054108901e-03 2.787878643565000155e-04
2.119424140820727942e+00 2.817904082182729787e-03 2.690083812899017753e-04
2.121391094524930132e+00 2.696936482687872349e-03 2.564658926091747167e-04
2.123358054897861891e+00 2.805100379742344816e-03 2.794971220524026059e-04
2.125325022158079946e+00 2.875024537444148976e-03 2.602634359393265194e-04
2.127291996529153018e+00 3.233618932727259747e-03 2.665684883091155952e-04
2.129258978239659150e+00 3.177842507897800373e-03 2.689257214474542312e-04
2.131225967523191045e+00 2.770730228372987949e-03 2.857456381373883725e-04
2.133192964618349841e+00 3.023815423391606940e-03 2.709601884388380412e-04
2.135159969768748667e+00 2.593993095450687451e-03 2.652355080772354529e-04
2.137126983223012644e+00 2.549741465414322433e-03 2.924578967808263920e-04
2.139094005234778884e+00 2.840257835159389239e-03 2.841444077014021615e-04
2.141061036062694711e+00 3.381784195703061487e-03 2.694886035738398530e-04
2.143028075970420332e+00 3.142786259584277094e-03 2.663457515590543284e-04
2.144995125226625721e+00 2.904664436061735276e-03 2.791366267464816774e-04
2.146962184104994620e+00 2.885018910453529886e-03 2.613580807464053850e-04
2.148929252884220986e+00 3.567890573845221985e-03 2.715963424709887759e-04
2.150896331848011656e+00 3.096488244656429769e-03 2.792631748658508839e-04
2.152863421285084566e+00 2.819838566813719950e-03 2.702701156540848596e-04
2.154830521489169648e+00 3.081307362997843732e-03 2.715226386941603921e-04
2.156797632759008820e+00 2.910569047118531302e-03 2.760659651974265208e-04
2.158764755398356883e+00 3.364357070776379660e-03 2.860689823580626250e-04
2.160731889715978404e+00 3.492437925056179806e-03 2.752411297365101798e-04
2.162699036025653498e+00 2.552436848389941573e-03 2.721256213850500373e-04
2.164666194646171604e+00 2.600230726643388505e-03 2.844884611230514226e-04
2.166633365901335040e+00 2.975813828012479224e-03 2.852004794668067458e-04
2.168600550119960335e+00 3.438651211671733127e-03 2.891047109191417406e-04
2.170567747635874678e+00 2.999705135830876140e-03 2.614596478436096686e-04
2.172534958787918136e+00 2.402734277616377489e-03 2.551752315621114001e-04
2.174502183942205846e+00 3.162477647237571174e-03 2.820622221040286069e-04
2.176469423609615816e+00 3.142112316435500055e-03 2.817897794608364872e-04
2.178436678009424199e+00 2.558321796221543678e-03 3.092344358924272157e-04
2.180403947462945524e+00 2.995254214237655539e-03 2.745957831561933612e-04
2.182371232334321398e+00 2.842071495800162478e-03 2.841478737791997130e-04
2.184338532992708970e+00 2.631703807898279086e-03 2.949766576922598820e-04
2.186305849812277380e+00 3.021120664792314916e-03 2.856892687884416402e-04
2.188273183172206870e+00 3.079331947776151220e-03 2.769751722631854838e-04
2.190240533456692340e+00 2.241811654517205429e-03 2.983662949302965978e-04
2.192207901054939789e+00 3.577029924434773321e-03 2.797333928059024424e-04
2.194175286361170762e+00 2.449947197323712120e-03 3.056381490503647731e-04
2.196142689774616574e+00 3.162222366285917519e-03 2.968967893479342360e-04
2.198110111699524527e+00 2.576299560630521818e-03 3.079449464500855042e-04
2.200077552545153470e+00 2.769546582781259349e-03 2.874758829432987506e-04
2.202045012725776907e+00 3.104506851613754274e-03 2.768712547235139144e-04
2.204012492660681666e+00 3.017246967724053139e-03 2.951302470825092395e-04
2.205979992774167009e+00 3.362591635811226862e-03 3.018861876137437302e-04
2.207947513495546410e+00 2.875275308509361340e-03 2.959679407358540237e-04
2.209915055259148442e+00 2.928731770909701482e-03 3.084546795797101578e-04
2.211882618504313669e+00 2.714091914247769577e-03 2.962647494678295073e-04
2.213850203675399086e+00 3.253571676247135353e-03 2.885949484203031035e-04
2.215817811221773681e+00 2.710400131371563329e-03 2.714074795865293287e-04
2.217785441597822427e+00 2.872500003512380978e-03 2.810539883424477805e-04
2.219753095262943177e+00 2.626070988900277084e-03 3.022534161593921518e-04
2.221720772681550216e+00 3.043358299956307970e-03 2.754171455278124798e-04
2.223688474323072484e+00 2.886990735918660515e-03 2.991077048738784573e-04
2.225656200661951800e+00 2.585731699029450176e-03 2.952181395092828473e-04
2.227623952177646416e+00 2.486868905472851363e-03 2.926080102778921182e-04
2.229591729354631902e+00 2.492732683205153149e-03 2.880486187087473796e-04
2.231559532682395375e+00 2.854036006466713349e-03 2.979202414629062768e-04
2.233527362655442161e+00 3.303047027449619328e-03 2.780258915514522344e-04
2.235495219864080507e+00 2.396140911404178852e-03 2.790318988893653995e-04
2.237463105069377622e+00 2.762506096691565854e-03 3.050380868457123053e-04
2.239431018473030388e+00 2.801643428641073519e-03 2.974531097190456297e-04
2.241398960566770349e+00 2.818685675936587979e-03 2.639652807768113718e-04
2.243366931870395931e+00 2.844532571466498131e-03 2.959826781536081114e-04
2.245334932908721548e+00 3.062458287015129652e-03 3.121871069042480521e-04
2.247302964211576715e+00 2.934316055359991512e-03 2.953167133268919152e-04
2.249271026313807376e+00 3.154394231885449245e-03 2.982541758024958461e-04
2.251239119755275908e+00 3.068877178092867079e-03 3.025582253834369832e-04
2.253207245080859344e+00 2.994075646539422816e-03 2.996506170364574028e-04
2.255175402840451149e+00 3.277683820512457876e-03 3.123557735444735931e-04
2.257143593588962993e+00 3.007084497404983667e-03 2.975174960776259901e-04
2.259111817886321649e+00 2.487272361649465590e-03 2.998914688881744277e-04
2.261080076297472097e+00 2.891947326259504403e-03 3.148582454615977706e-04
2.263048369392374415e+00 3.036887836819131183e-03 3.170877979465741266e-04
2.265016697746007779e+00 2.986064753214365090e-03 3.055129611563544016e-04
2.266985061938368240e+00 3.303697646036198900e-03 3.231607305594954562e-04
2.268953462554469613e+00 3.185532515384067922e-03 3.169385912718562987e-04
2.270921900184343034e+00 2.525737129067278687e-03 3.115006603334695271e-04
2.272890375423037845e+00 2.452405902487896430e-03 3.170394496385737951e-04
2.274858888870622486e+00 3.115301309078982468e-03 3.313097305861434578e-04
2.276827441132184049e+00 3.794666773087103373e-03 3.130325702440919984e-04
2.278796032817826056e+00 3.216514673383490206e-03 3.053154075168491638e-04
2.280764664542673792e+00 3.402589036776713753e-03 3.141248667645495552e-04
2.282733336926869860e+00 2.505431160377352261e-03 3.214361415487700232e-04
2.284702050595577738e+00 2.364557977493560257e-03 2.999756127940948324e-04
2.286670806178979110e+00 2.969141603905800161e-03 3.057814780158384245e-04
2.288639604312276532e+00 2.746236285480391486e-03 3.125739336545381940e-04
2.290608445635692547e+00 2.948422221277351065e-03 3.225750221954777901e-04
2.292577330794470125e+00 2.908423286085459834e-03 3.211432942542177512e-04
2.294546260438871776e+00 3.429739612433232391e-03 3.461131552897134863e-04
2.296515235224536156e+00 2.737472216268094054e-03 3.320272072910047663e-04
2.298484256183511487e+00 3.135060652005730499e-03 3.330032872895361375e-04
2.300453323982595499e+00 2.929678125044946849e-03 3.357592737048522213e-04
2.302422438939028204e+00 2.909420393070230679e-03 3.246221508285427942e-04
2.304391601727997507e+00 2.853024659423970735e-03 3.421394842550846385e-04
2.306360813030064350e+00 2.914575073290780974e-03 3.290453305725997077e-04
2.308330073530809656e+00 2.740950165087904095e-03 3.097875658445480365e-04
2.310299383920835226e+00 3.038742443304632244e-03 3.233595148004048386e-04
2.312268744895762840e+00 3.439194615145133634e-03 3.278606105013616716e-04
2.314238157156237818e+00 3.057478785358053522e-03 3.318091539340466286e-04
2.316207621407925021e+00 3.744064201957589180e-03 3.243008643756097389e-04
2.318177138361512846e+00 2.863675420056361644e-03 3.138453660313483937e-04
2.320146708732710561e+00 2.638957168620326837e-03 3.437608545284821836e-04
2.322116333242250974e+00 2.237950165709550084e-03 3.704787950839443064e-04
2.324086012615889985e+00 3.031232889139386707e-03 3.252087659239617941e-04
2.326055747584404365e+00 2.972939486917036602e-03 3.436252929880236171e-04
2.328025538883597534e+00 3.870448350672333910e-03 3.475662046736774737e-04
2.329995387254293782e+00 3.082912464686007707e-03 3.526725424746078238e-04
2.331965293442341824e+00 3.085082059859614936e-03 3.537837855975641986e-04
2.333935258198615692e+00 3.213297294451316136e-03 3.294877469064916775e-04
2.335905282279013839e+00 3.210561308988591454e-03 3.484900930323013373e-04
2.337875366444457814e+00 3.295407867593043178e-03 3.488830014464488908e-04
2.339845511460896255e+00 3.083844175480198162e-03 3.585046803446422176e-04
2.341815718099302668e+00 3.174669793991781799e-03 3.421609407673347923e-04
2.343785987135675875e+00 3.603236580782790462e-03 3.338481536908328258e-04
2.345756319351040897e+00 3.009006065619515297e-03 3.438989530736074815e-04
2.347726715531450736e+00 2.492977052618747854e-03 3.540981606291762032e-04
2.349697176467981485e+00 2.349520665411772898e-03 3.397630528882416710e-04
2.351667702956740769e+00 2.357171655682840407e-03 3.768300730657443004e-04
2.353638295798860192e+00 3.987115857782957788e-03 3.926980697239617116e-04
2.355608955800500670e+00 3.096822650771391579e-03 3.670482179845765427e-04
2.357579683772851098e+00 3.129971673478878190e-03 3.618713879506026240e-04
2.359550480532128347e+00 2.959106350107803401e-03 3.419971024578700135e-04
2.361521346899636331e+00 3.066926384848289288e-03 3.466425414565245606e-04
2.363492283981459163e+00 2.154115666840192723e-03 3.495110597480582211e-04
2.365463293113466481e+00 2.432359619086446427e-03 3.452219069469439176e-04
2.367434374369665306e+00 2.841644463812973646e-03 3.746947816574482549e-04
2.369405528591455479e+00 2.780043675475241550e-03 3.411733694416364706e-04
2.371376756625322990e+00 2.961043982470376763e-03 3.611411310772285428e-04
2.373348059322782255e+00 1.754530975162043802e-03 3.486132989473495186e-04
2.375319437540374778e+00 3.227101814879963868e-03 3.485646003954404959e-04
2.377290892139671374e+00 2.927817905340683591e-03 3.574868771017376064e-04
2.379262423987270836e+00 2.632204439430515814e-03 3.723634381968183617e-04
2.381234033954804374e+00 2.609825275281003366e-03 3.461768713306515792e-04
2.383205722918929403e+00 2.489459837675506073e-03 3.832840071156601238e-04
2.385177491761336199e+00 2.868872318336146247e-03 3.532439868756194110e-04
2.387149341368743460e+00 2.761004749238347641e-03 3.619510926460666042e-04
2.389121272632901416e+00 2.871479666174254781e-03 3.544202986700416454e-04
2.391093286450592270e+00 2.780667049910812583e-03 3.627033921674532153e-04
2.393065383723628869e+00 2.986140921922932068e-03 3.559913360262519089e-04
2.395037565358854703e+00 3.428494531636613451e-03 3.504299920360606411e-04
2.397009832268148344e+00 3.214926726673718923e-03 3.730757924037904263e-04
2.398982185368418563e+00 3.827926791166559942e-03 3.763589801504883098e-04
2.400954625581607882e+00 2.820726613037377768e-03 3.626151608560079808e-04
2.402927153834692575e+00 3.135972669598305514e-03 3.769323730908405727e-04
2.404899771059682223e+00 2.705814361796946965e-03 3.764691768227230117e-04
2.406872478193620601e+00 2.663290577132152413e-03 3.679800940033896100e-04
2.408845276178585237e+00 2.892140650608043210e-03 3.687691686883801784e-04
2.410818165961689186e+00 2.807594226134993605e-03 3.663643217848893611e-04
2.412791148495080584e+00 2.227219945363488780e-03 3.964230864216232984e-04
2.414764224735943543e+00 2.172907640668233706e-03 3.781927337354695317e-04
2.416737395646496811e+00 3.637183533873978442e-03 4.171003831780991148e-04
2.418710662193996885e+00 2.906079029922905513e-03 4.144852877146396291e-04
2.420684025350735791e+00 2.520537630368030555e-03 3.696974447918232676e-04
2.422657486094044188e+00 2.171764399721289995e-03 3.736746942272070257e-04
2.424631045406287821e+00 2.443365230999700998e-03 3.807895715752144345e-04
2.426604704274872848e+00 2.479322616101305339e-03 3.526115888375801655e-04
2.428578463692242284e+00 2.618107109864488760e-03 3.468865722847287465e-04
2.430552324655877783e+00 3.356452385218042147e-03 3.912574209572708297e-04
2.432526288168300965e+00 3.174056661348997020e-03 3.969263418485585487e-04
2.434500355400589733e+00 2.087883972043022042e-03 3.873280150329345755e-04
2.436474528238546711e+00 3.456155570283029818e-03 3.946229040116648601e-04
2.438448806865525675e+00 2.176688899251966701e-03 4.033357038537693762e-04
2.440423192122663121e+00 3.428499940425736633e-03 4.013552146504219980e-04
2.442397685037648536e+00 2.858370492631074657e-03 4.102068006875431595e-04
2.444372286643208270e+00 3.216989448360969839e-03 4.106104298705894290e-04
2.446346997977105531e+00 2.762339063904879592e-03 3.977615617654421090e-04
2.448321820082142608e+00 3.458704278109073042e-03 4.209749205985258082e-04
2.450296754006157762e+00 2.413593068935151326e-03 4.088484916642426978e-04
2.452271800802031443e+00 2.274122146919474365e-03 4.060321176018490130e-04
2.454246961527680515e+00 2.818588531858772644e-03 3.838529105955504166e-04
2.456222237246062257e+00 2.574192399292629663e-03 3.976067802563510128e-04
2.458197629025172581e+00 2.285036692667795789e-03 4.159765122884430876e-04
2.460173137938048704e+00 3.156572677766393640e-03 3.939025559574546175e-04
2.462148765062767808e+00 3.642234051031279299e-03 3.992861212647553972e-04
2.464124511482447932e+00 3.387231045851961646e-03 4.386638392059891492e-04
2.466100378285247086e+00 2.995131974627064653e-03 4.031966125505361529e-04
2.468076366564366353e+00 2.384813534807508125e-03 3.860610055586744947e-04
2.470052477418048564e+00 2.965551736402550348e-03 4.125051150636834842e-04
2.472028711949576518e+00 2.908645692006831245e-03 4.178508498497124596e-04
2.474005071267277867e+00 3.105740820168221596e-03 4.333126011680893093e-04
2.475981556484521562e+00 2.731679896147197126e-03 4.094922261839481058e-04
2.477958168719721410e+00 2.614657008573144197e-03 4.143782195021583343e-04
2.479934909096332518e+00 2.448832433782903006e-03 4.267659254633533153e-04
2.481911778742855290e+00 2.705716378468977449e-03 4.334694668648611353e-04
2.483888778792834096e+00 3.680838232507436126e-03 4.475207974701070649e-04
2.485865910384856825e+00 3.254541134668728977e-03 4.294064834321436154e-04
2.487843174662557999e+00 2.988241982769769198e-03 4.201724022344439555e-04
2.489820572774615215e+00 2.340842871058048270e-03 4.102143696128680351e-04
2.491798105874752700e+00 3.238381487410548366e-03 4.087276331542483826e-04
2.493775775121739535e+00 3.304016735459794959e-03 4.370938058209251215e-04
2.495753581679392319e+00 3.369153627274118230e-03 3.873004342642666722e-04
2.497731526716572503e+00 3.478870511652439827e-03 4.091341220167230225e-04
2.499709611407189058e+00 3.212338458614167822e-03 4.238756138886216754e-04
2.501687836930198472e+00 3.219146233092131954e-03 4.344724320139097635e-04
2.503666204469602530e+00 2.797513563046251286e-03 4.250763416133501098e-04
2.505644715214452312e+00 3.197729604825356748e-03 4.300680305797973508e-04
2.507623370358846415e+00 2.546335480998478725e-03 4.621541405109733471e-04
2.509602171101930956e+00 3.542465010260172770e-03 4.465479105401393731e-04
2.511581118647900901e+00 2.195762351369004179e-03 4.385375620429335895e-04
2.513560214206000065e+00 2.566195290111591715e-03 4.283779140601326192e-04
2.515539458990520671e+00 2.680245888744471183e-03 4.234270245044658766e-04
2.517518854220804680e+00 3.632502648263626933e-03 4.278077676175035156e-04
2.519498401381194519e+00 3.495234260118611387e-03 4.635161079032624684e-04
2.521478102627354279e+00 2.692360673934042232e-03 4.223179483157683757e-04
2.523457958156321457e+00 2.419481808864330351e-03 4.685562839311426127e-04
2.525437969071749666e+00 2.813372401624980416e-03 4.182130889026118505e-04
2.527418136617983535e+00 3.230550563725208442e-03 4.488270646547304127e-04
2.529398462044414764e+00 3.118662052014409616e-03 4.464261711071083384e-04
2.531378946605477687e+00 2.221106202108421180e-03 4.521019175903905518e-04
2.533359591560652380e+00 3.444793518601612856e-03 4.831445565299679105e-04
2.535340398174464660e+00 3.629018153681798538e-03 4.559578102698997855e-04
2.537321367716484755e+00 3.157014285668285555e-03 4.581799311917606550e-04
2.539302501461329964e+00 2.671601552470908875e-03 4.526657448290543262e-04
2.541283800688661110e+00 3.039040974468791047e-03 4.014268679372462998e-04
2.543265266683187420e+00 1.820542526987630047e-03 4.321442697505534117e-04
2.545246900734661200e+00 3.354657164748285365e-03 4.586637058109012573e-04
2.547228704137883604e+00 3.014260667398399075e-03 4.711700363481258202e-04
2.549210678192699753e+00 2.453930431902049715e-03 4.425204905677083207e-04
2.551192824204001397e+00 2.480412687745825549e-03 4.396925027907449559e-04
2.553175143481727805e+00 2.972663656989311867e-03 4.639663369962489497e-04
2.555157637340863097e+00 3.611433374417300380e-03 4.593925834380636311e-04
2.557140307101438914e+00 3.559644695490572514e-03 4.842792312700285214e-04
2.559123154088532637e+00 2.513524106726138831e-03 4.637253542871831507e-04
2.561106179632267832e+00 3.535621610444304990e-03 4.780836501950048480e-04
2.563089385067817361e+00 3.298227808657221843e-03 4.761343653309685667e-04
2.565072771735396273e+00 2.866590112734669713e-03 4.613485453088539412e-04
2.567056340980269358e+00 3.000247344609220657e-03 4.764481466797663989e-04
2.569040094152747145e+00 2.502648247148442015e-03 4.736334726982091852e-04
2.571024032608186349e+00 3.562691102304266395e-03 4.286025350636620923e-04
2.573008157706990762e+00 2.321024511463277203e-03 4.399300602586546176e-04
2.574992470814610801e+00 3.768851136280128820e-03 4.340503535135827257e-04
2.576976973301542628e+00 2.753357520219464408e-03 4.808853852633942810e-04
2.578961666543328590e+00 3.069834239750469495e-03 4.471001949260142660e-04
2.580946551920558996e+00 3.211787238568777816e-03 4.743422491683308719e-04
2.582931630818868562e+00 2.485300700537710489e-03 4.507138492971753856e-04
2.584916904628938639e+00 1.730302215009363797e-03 4.439186480504556521e-04
2.586902374746496314e+00 3.168045209589266924e-03 4.734823348506024369e-04
2.588888042572316195e+00 2.517539453996200070e-03 4.841356529069609305e-04
2.590873909512215967e+00 2.855050547805828513e-03 4.604049596869423059e-04
2.592859976977060832e+00 2.782403679894062624e-03 4.497609735025625286e-04
2.594846246382760402e+00 2.560880013319983758e-03 4.420608482485228878e-04
2.596832719150269586e+00 2.707424832186502376e-03 4.708154130724051902e-04
2.598819396705588147e+00 3.304080542615452608e-03 4.685957605526542029e-04
2.600806280479760701e+00 3.155045022158086548e-03 4.545654503773396797e-04
2.602793371908876274e+00 2.989991113313474058e-03 4.537609612019301623e-04
2.604780672434069189e+00 3.300144897940141160e-03 4.502666834073807095e-04
2.606768183501515068e+00 3.063111208864145903e-03 4.702025578302124914e-04
2.608755906562434834e+00 2.464558994654678873e-03 4.615790772092122156e-04
2.610743843073093373e+00 2.708003114133506525e-03 4.452673244870534964e-04
2.612731994494797760e+00 2.893193328296459962e-03 4.364678361059966738e-04
2.614720362293896372e+00 3.212462553643912529e-03 4.673877750068058446e-04
2.616708947941782437e+00 3.146137345744566462e-03 4.529932099287725580e-04
2.618697752914888710e+00 2.969739169212919170e-03 4.614011644294892939e-04
2.620686778694691021e+00 2.905576014682140478e-03 4.699396084479508240e-04
2.622676026767705171e+00 3.580712948622304624e-03 4.696266926726227705e-04
2.624665498625487814e+00 3.637911679421849693e-03 4.905784924200802749e-04
2.626655195764636019e+00 3.112529314246644061e-03 4.544976643315505951e-04
2.628645119686784604e+00 2.543202565765624069e-03 4.650169378530722829e-04
2.630635271898611016e+00 2.671901455403718605e-03 4.584144774554738447e-04
2.632625653911827790e+00 2.813112532276341917e-03 4.446372743893587331e-04
2.634616267243186982e+00 3.076195396599978871e-03 4.790208667275452350e-04
2.636607113414478398e+00 2.163325720593924171e-03 4.643575809483031758e-04
2.638598193952527815e+00 2.617862929031008253e-03 4.689190186417573959e-04
2.640589510389196981e+00 3.077530977664267881e-03 4.653174143273568512e-04
2.642581064261382728e+00 2.977899392661123232e-03 4.573391231621497699e-04
2.644572857111019193e+00 2.471979424420508737e-03 4.702738698426186712e-04
2.646564890485072041e+00 2.781501988520218398e-03 4.975907338225257596e-04
2.648557165935540247e+00 3.132814040829242155e-03 4.457388690345872326e-04
2.650549685019456980e+00 2.797232773716057993e-03 4.976697106623150825e-04
2.652542449298886496e+00 2.411680226912332053e-03 4.837313591949917780e-04
2.654535460340924136e+00 3.238295156358751876e-03 4.866356268021562585e-04
2.656528719717694997e+00 2.834565398629527219e-03 4.702073375261588161e-04
2.658522229006353932e+00 2.667099931715880261e-03 4.673426003026528953e-04
2.660515989789084212e+00 3.783921546638860031e-03 4.774841645175339523e-04
2.662510003653096646e+00 2.310575849993739932e-03 4.786134808409705219e-04
2.664504272190628242e+00 2.793337796549258314e-03 5.061087206259201696e-04
2.666498797163362244e+00 2.803376906794800491e-03 4.847565116212011662e-04
2.668493580515586938e+00 2.451527033343824449e-03 4.911543124388573862e-04
2.670488623331138456e+00 3.890356113749886009e-03 4.714228284103630807e-04
2.672483927212908839e+00 2.595694639121290566e-03 4.596866509696364883e-04
2.674479493777448980e+00 3.975669154896039822e-03 4.544227357925961297e-04
2.676475324646319542e+00 2.576898459538865503e-03 4.732353289617203499e-04
2.678471421446092293e+00 2.549815076001572204e-03 4.847498706426636261e-04
2.680467785808346548e+00 2.466319195643440487e-03 4.809223818118983965e-04
2.682464419369668729e+00 3.377884405790722473e-03 5.031491933237450774e-04
2.684461323771652363e+00 2.605699410748936549e-03 4.926673735295894387e-04
2.686458500660894089e+00 2.192879469190651617e-03 5.051708697070353285e-04
2.688455951688994539e+00 3.198089428882592948e-03 4.808590282421560487e-04
2.690453678512556124e+00 3.728769649469152337e-03 4.820700221404191884e-04
2.692451682793181256e+00 2.168777541403681640e-03 4.851786311118804840e-04
2.694449966197471014e+00 3.154113659677283774e-03 5.264649868119597627e-04
2.696448530397023369e+00 3.215528559012110522e-03 5.084328274969118809e-04
2.698447377068434072e+00 2.283104728417371335e-03 5.211793645514513958e-04
2.700446507893289994e+00 2.405428230437691751e-03 4.882700206342442716e-04
2.702445924558173562e+00 3.348619236028920528e-03 5.290672195685491418e-04
2.704445628754656106e+00 2.198607021415832641e-03 5.071412765594846385e-04
2.706445622179298738e+00 3.405044524155583820e-03 5.391781232838583487e-04
2.708445906533650138e+00 2.625141059664647461e-03 5.125284251987851942e-04
2.710446483524244776e+00 3.132740642629670141e-03 5.121137445720092126e-04
2.712447354862599802e+00 3.032337334571675019e-03 5.158188622074952063e-04
2.714448522265215491e+00 3.090683091238328843e-03 5.374865380741083781e-04
2.716449987453572135e+00 2.268589596031057084e-03 5.246366068815560592e-04
2.718451752154127377e+00 1.967072743107881050e-03 5.033519427139201367e-04
2.720453818098315768e+00 2.532576286466251686e-03 5.484336215108345227e-04
2.722456187022545215e+00 3.673958807487847159e-03 5.242305294178240200e-04
2.724458860668195648e+00 2.651632445224445106e-03 5.409174703283008536e-04
2.726461840781617241e+00 2.843272714656443819e-03 5.214794079487995639e-04
2.728465129114128640e+00 2.618664793814227173e-03 5.501689072842972468e-04
2.730468727422012520e+00 3.280987222929371543e-03 5.586065585835415202e-04
2.732472637466514698e+00 2.960006018154873707e-03 5.282419059540331870e-04
2.734476861013843241e+00 2.801682172295659294e-03 5.202677163767384589e-04
2.736481399835163586e+00 2.364693924298241420e-03 5.230988646623980489e-04
2.738486255706598538e+00 2.376673890033923018e-03 5.993107746396083516e-04
2.740491430409223828e+00 2.565697409146386505e-03 5.423696785972480661e-04
2.742496925729066781e+00 2.693621938029328467e-03 5.253169791741914459e-04
2.742794752120971680e+00 3.032481079019612967e-03 1.114790555887772714e-03
2.743472576141357422e+00 2.301636196544854310e-03 1.072777399300799909e-03
2.744153976440429688e+00 3.376849980257305792e-03 1.223540423013154410e-03
2.744502743900908204e+00 2.000527249893223076e-03 5.313554105531765898e-04
2.744835615158081055e+00 2.597174667222705742e-03 1.104154220676928323e-03
2.745512723922729492e+00 2.410814141739004920e-03 1.085252260400852882e-03
2.746193647384643555e+00 2.934378118573521300e-03 1.066408860817589762e-03
2.746508886833673557e+00 3.861420320481648554e-03 5.608553792353097910e-04
2.746874570846557617e+00 4.206994262393786745e-03 9.925405975197943657e-04
2.747554779052734375e+00 3.154333414374952370e-03 1.063251798233064366e-03
2.748232126235961914e+00 3.936706502797285463e-03 1.031846880864269438e-03
2.748515355835434271e+00 2.300217632268754947e-03 5.722451149996638517e-04
2.748913526535034180e+00 2.842446776702844177e-03 9.235423870517272182e-04
2.749591588973999023e+00 2.286092504343020457e-03 9.914601789876387270e-04
2.750269412994384766e+00 3.306898773905444459e-03 9.836841823411507195e-04
2.750522152713188451e+00 2.931509103491257342e-03 5.429332018840334713e-04
2.750951290130615234e+00 2.882423624192457113e-03 9.588090572297183886e-04
2.751632213592529297e+00 3.298988218770144022e-03 8.777387379732859733e-04
2.752310514450073242e+00 3.871572492568733839e-03 9.212965816833001021e-04
2.752529279278883578e+00 2.712474383908460886e-03 5.731767250348005372e-04
2.752990007400512695e+00 2.578919441459128631e-03 8.665240430084677993e-04
2.754348754882812500e+00 2.892375924849031974e-03 8.071732473654111457e-04
2.754536737349412512e+00 3.101412336783485220e-03 5.355477908044129886e-04
2.755031108856201172e+00 2.205662501826589558e-03 8.003254387625072892e-04
2.755707740783691406e+00 1.726723612268578388e-03 8.211860490030805726e-04
2.756388664245605469e+00 3.794462553894128662e-03 8.478332328110390953e-04
2.756544528746613487e+00 3.166051239567473953e-03 5.719350225458181636e-04
2.757069826126098633e+00 4.413980353104134113e-03 8.208953177596333643e-04
2.757747888565063477e+00 3.897708997617427198e-03 8.439879891011422804e-04
2.758427858352661133e+00 2.128471610885132245e-03 7.065123518836359051e-04
2.758552655297262568e+00 3.399619284412769803e-03 5.669761995369683970e-04
2.759108304977416992e+00 3.160408389570794428e-03 7.996046981528100693e-04
2.759788751602172852e+00 2.366967506707526835e-03 8.061472258096148268e-04
2.760468244552612305e+00 2.759603179224449313e-03 7.883413715589768569e-04
2.760561118833075867e+00 3.104508783721671075e-03 5.626408576794948019e-04
2.761147022247314453e+00 1.993674335501845890e-03 7.038968112968068324e-04
2.762507438659667969e+00 1.873602107906002963e-03 6.681471188366582990e-04
2.762569921190703770e+00 2.962103343726789437e-03 5.599793011069264474e-04
2.763183832168579102e+00 2.254653394587084921e-03 6.877161139535449509e-04
2.763865232467651367e+00 3.616914775950082553e-03 7.201326369638269076e-04
2.764544010162353516e+00 2.402945329842213519e-03 7.095589814319613062e-04
2.764579064211728721e+00 3.968803109113739659e-03 5.692817468553727257e-04
2.765224695205688477e+00 2.533098455057803625e-03 6.560651136251975223e-04
2.765904426574707031e+00 2.519224815004999715e-03 6.441273723570183551e-04
2.766585111618041992e+00 1.694249674822313366e-03 6.683795984468805709e-04
2.766588549742660774e+00 3.178412155039501454e-03 5.944106896144522086e-04
2.767263650894165039e+00 2.252880698598486425e-03 6.827805572641914081e-04
2.767944812774658203e+00 2.457436842191626242e-03 6.614621487022178878e-04
2.768598379634936713e+00 3.427228783694159092e-03 5.705428824420521019e-04
2.768623352050781250e+00 2.869612362475192774e-03 6.827394376043564210e-04
2.769301891326904297e+00 2.709789112413520974e-03 6.477677435793805167e-04
2.769982576370239258e+00 2.444251755913754050e-03 6.369759695930804315e-04
2.770608555744914270e+00 4.353264714177786272e-03 5.211519698762146846e-04
2.770662307739257812e+00 2.476784175802443453e-03 6.411362079633385483e-04
2.771342992782592773e+00 2.255384233444405334e-03 5.828097586710603243e-04
2.772021055221557617e+00 2.937299630987920754e-03 6.442999044024841967e-04
2.772619079933871689e+00 2.606357662337280626e-03 5.958401827388243310e-04
2.772700071334838867e+00 3.058481359999460410e-03 6.342691984066132094e-04
2.773381471633911133e+00 2.897274495335097622e-03 5.913561059172361576e-04
2.774059772491455078e+00 3.495961098594132978e-03 5.870896199932292307e-04
2.774629954068002391e+00 2.605596471655238690e-03 5.734462682607969564e-04
2.774740457534790039e+00 2.968222562512016528e-03 5.705230069109299166e-04
2.775418758392333984e+00 3.493722588270832975e-03 5.777163634015185494e-04
2.776099443435668945e+00 2.307312903383479299e-03 5.565030636680263305e-04
2.776641180018412758e+00 3.949805331446524549e-03 5.975906815942998293e-04
2.776777505874633789e+00 2.949051814124847674e-03 5.674673994375860819e-04
2.777458190917968750e+00 2.813717984305727504e-03 5.800120469250127876e-04
2.778138637542724609e+00 1.530785554651733398e-03 4.887979402675770310e-04
2.778652759661116356e+00 2.440841544425028514e-03 5.772704772207313097e-04
2.778818607330322266e+00 2.866342712785528973e-03 5.632049978604715358e-04
2.779498338699340820e+00 1.649901019258169553e-03 5.227391385977660059e-04
2.780177831649780273e+00 3.444156840299261464e-03 5.338451383053078756e-04
2.780664694877033938e+00 2.427916830601112644e-03 6.116429976651789006e-04
2.780855655670166016e+00 3.793696809034345641e-03 5.315360772372848064e-04
2.781536102294921875e+00 3.056149833686925242e-03 5.313378366003601670e-04
2.782214403152465820e+00 2.660233680460184422e-03 4.860804854056819117e-04
2.782676987551988557e+00 2.320184669740742341e-03 5.612596805209715389e-04
2.782893419265747070e+00 2.754459167755957897e-03 5.404641554594479891e-04
2.783576488494873047e+00 3.277736249922182619e-03 5.153375228618555263e-04
2.784689639576699349e+00 2.782361040549368673e-03 6.169065811109328843e-04
2.784932136535644531e+00 3.555201943715352413e-03 5.239412017502745713e-04
2.785613536834716797e+00 3.319844369304081420e-03 5.122880355275075430e-04
2.786293029785156250e+00 2.838935276062392026e-03 5.169537581566197417e-04
2.786702652846781980e+00 3.700524008185301136e-03 5.737744998148982221e-04
2.786974191665649414e+00 2.125550705582137344e-03 4.820112312493917230e-04
2.787656784057617188e+00 3.016766869429087471e-03 4.877331539492213322e-04
2.788333415985107422e+00 2.684440641363656805e-03 4.838742997323807566e-04
2.788716029262742424e+00 2.848165249442070456e-03 5.992109378305977710e-04
2.789011716842651367e+00 3.027005221973975372e-03 4.749439287583520413e-04
2.789690732955932617e+00 3.180742750448847453e-03 5.149133862480988070e-04
2.790371179580688477e+00 3.360131879245873733e-03 4.755413802159858178e-04
2.790729770729973858e+00 3.984384668859614065e-03 5.737866142543572969e-04
2.791048765182495117e+00 3.369824214566636590e-03 4.735151076876549449e-04
2.791728973388671875e+00 2.873245837049647877e-03 4.769510082252517865e-04
2.792410612106323242e+00 3.139796865807021383e-03 4.814477369716995683e-04
2.792743879158752662e+00 4.433427590215986529e-03 5.900807471882484360e-04
2.793087005615234375e+00 2.627382300510355470e-03 4.722324293322640231e-04
2.793767929077148438e+00 3.586925247962457781e-03 4.573936532074769352e-04
2.794447183609008789e+00 2.950787650346960167e-03 4.699547281731670210e-04
2.794758356464233096e+00 3.117326394201246423e-03 5.755199152214381629e-04
2.795126676559448242e+00 2.901240021492142076e-03 4.566232891225007568e-04
2.795804977416992188e+00 2.907183324643274752e-03 4.508851583745729407e-04
2.796487569808959961e+00 2.134775143492924354e-03 4.457095730096374310e-04
2.796773204566447291e+00 2.328428472947876617e-03 6.160692989164002174e-04
2.797165632247924805e+00 2.609167976025386290e-03 4.208602670071503364e-04
2.797845363616943359e+00 3.161434813500714133e-03 4.459746661590700411e-04
2.798526525497436523e+00 2.835383584136754072e-03 4.343788885568775114e-04
2.798788425390295931e+00 3.110252278549225768e-03 5.969409701204362543e-04
2.799201726913452148e+00 2.931815078146634505e-03 4.183861826075213641e-04
2.799882411956787109e+00 2.629161603363317293e-03 4.214230667984025639e-04
2.800563573837280273e+00 3.252014049629838987e-03 4.260066897334425476e-04
2.800804020865548694e+00 2.450583054218153072e-03 5.455970138224092419e-04
2.801244735717773438e+00 2.412176125359523360e-03 4.316596172934224142e-04
2.801921844482421875e+00 2.749750874069482615e-03 4.281003842304366902e-04
2.802602529525756836e+00 3.459395443034479854e-03 4.456790059585724346e-04
2.802819992926837589e+00 2.178245737523367125e-03 6.250612254092732757e-04
2.803283452987670898e+00 2.927839893750104529e-03 4.378522603231318881e-04
2.803960561752319336e+00 3.054379008034143958e-03 4.440137012554050823e-04
2.804640769958496094e+00 3.471551970375004979e-03 4.393538300653449837e-04
2.804836343513652075e+00 3.314126347536941637e-03 6.051122808033898614e-04
2.805317640304565430e+00 2.610392714223092134e-03 4.253067341135010780e-04
2.805999279022216797e+00 3.308441665484480095e-03 4.132326692278055270e-04
2.806678533554077148e+00 2.825829382897637396e-03 4.102964861273786300e-04
2.806853074570336837e+00 2.662611767915414041e-03 6.123197617485123074e-04
2.807358503341674805e+00 3.065625616262273624e-03 3.907002806612430625e-04
2.808038949966430664e+00 2.775281032246639922e-03 4.029320338758297644e-04
2.808716773986816406e+00 2.884899883914892899e-03 4.112464327388930447e-04
2.808870188046086014e+00 2.800720450056027634e-03 6.646299847374420025e-04
2.809396743774414062e+00 3.354127142129747791e-03 3.842815875827017215e-04
2.810076475143432617e+00 2.721813560205490513e-03 3.890742191639389998e-04
2.810757875442504883e+00 3.421983616155344163e-03 4.007490155259608826e-04
2.810887685894940091e+00 2.345176765954481730e-03 5.947103440816359351e-04
2.811435222625732422e+00 3.416585350444195125e-03 3.991993893987014186e-04
2.812115192413330078e+00 2.865249068859219376e-03 3.702338639406630187e-04
2.812794923782348633e+00 2.517451670102463512e-03 3.920767545424168744e-04
2.812905570075778350e+00 4.449923907083866946e-03 6.088724256179071231e-04
2.813474655151367188e+00 3.872301196138247439e-03 4.100971347231419854e-04
2.814154624938964844e+00 2.916314143841850903e-03 3.929188406646026764e-04
2.814832210540771484e+00 3.016065219570848114e-03 3.958444710958294063e-04
2.814923842552317090e+00 3.177257189433250074e-03 6.268799355572480993e-04
2.815512657165527344e+00 3.207966109711709798e-03 3.829768549763451881e-04
2.816193103790283203e+00 2.869280569736138136e-03 3.722342808440057531e-04
2.816871881484985352e+00 2.907734521595797296e-03 3.734071770971724553e-04
2.816942505293105636e+00 3.104166205883977618e-03 6.290255679885962221e-04
2.817552328109741211e+00 2.972555292280861395e-03 4.191484018249032046e-04
2.818229436874389648e+00 3.091820180077790685e-03 3.797941644771654786e-04
2.818907976150512695e+00 3.040787401641294532e-03 3.765605054265362488e-04
2.818961560271517008e+00 2.848560972494920077e-03 6.256715500588309019e-04
2.819587707519531250e+00 2.581366065364138016e-03 3.928178570326142051e-04
2.820266962051391602e+00 3.214012115668239342e-03 3.972777970273023637e-04
2.820946693420410156e+00 3.191079737097549975e-03 3.951789453088765764e-04
2.820981009465747924e+00 1.975029726690117476e-03 6.265674351875553374e-04
2.821627855300903320e+00 3.303802670867291621e-03 3.869589131579942790e-04
2.822986125946044922e+00 2.658678177046816266e-03 3.699660769873904225e-04
2.823000854858810804e+00 3.199805886012776612e-03 6.747964578595807292e-04
2.823663473129272461e+00 2.962223378217822452e-03 3.801796547258790558e-04
2.824345588684082031e+00 2.952715208419124261e-03 3.640443820027417757e-04
2.825021098438531553e+00 3.796472118277066914e-03 7.245037074774868984e-04
2.825023889541625977e+00 3.054026039663615324e-03 3.666056244217498657e-04
2.825703144073486328e+00 2.817079155262543818e-03 3.597402383167269701e-04
2.826382875442504883e+00 3.571837247588343939e-03 3.608779673229949871e-04
2.827041742197541563e+00 2.938060566091561798e-03 6.696165278866367948e-04
2.827064037322998047e+00 3.419191023880194941e-03 3.681354350045742572e-04
2.827741384506225586e+00 2.856092759259568157e-03 3.516243268704763035e-04
2.828420639038085938e+00 3.310742562209986230e-03 3.458917491292693314e-04
2.829101085662841797e+00 2.523934203356126456e-03 3.556212487204795172e-04
2.829778909683227539e+00 2.988602857929392384e-03 3.530961704950903311e-04
2.830458641052246094e+00 3.355150680099093247e-03 3.624880064129626660e-04
2.831138134002685547e+00 2.848876029321221418e-03 3.636485027664573171e-04
2.831818342208862305e+00 2.693403266223568827e-03 3.543245583135151483e-04
2.832496166229248047e+00 2.548164659399745208e-03 3.478522396330780862e-04
2.833176374435424805e+00 3.377560398033516674e-03 3.314528646282053877e-04
2.833855867385864258e+00 3.356113663649809998e-03 3.720920086938278581e-04
2.834535598754882812e+00 2.743678970628386088e-03 3.415997593018019283e-04
2.835213422775268555e+00 2.713294921518972884e-03 3.577870684092360480e-04
2.835892915725708008e+00 2.826295553542518615e-03 3.700493748160228985e-04
2.836573600769042969e+00 3.252016139564603298e-03 3.563757308148641665e-04
2.837252616882324219e+00 2.926436783624650553e-03 3.580582378974980534e-04
2.837933778762817383e+00 3.552300260067347854e-03 3.369029677467937599e-04
2.838612794876098633e+00 3.167407852540765102e-03 3.419836607023795478e-04
2.839291334152221680e+00 2.794155731391341577e-03 3.413912558666993809e-04
2.839970111846923828e+00 2.893269060477215212e-03 3.321788789968260942e-04
2.840649604797363281e+00 3.110745589344538278e-03 3.354555661843764748e-04
2.841329097747802734e+00 2.580625741726536981e-03 3.605454331179876399e-04
2.842009305953979492e+00 2.913378884182494469e-03 3.351736118805123741e-04
2.842688560485839844e+00 3.067616143916173689e-03 3.360211308355697955e-04
2.843366384506225586e+00 3.337753455756628778e-03 3.395381514519115189e-04
2.844045877456665039e+00 2.946152153260020619e-03 3.325047934031435449e-04
2.844725608825683594e+00 3.218950297944697930e-03 3.416972584351177255e-04
2.845402956008911133e+00 3.283578883161244327e-03 3.320298893644424041e-04
2.846085548400878906e+00 3.881419375723577352e-03 3.400093882358181719e-04
2.846764802932739258e+00 3.174468391237117524e-03 3.244822648783699036e-04
2.847442626953125000e+00 3.602972227717063814e-03 3.387866742276083058e-04
2.848121643066406250e+00 3.148540348550375647e-03 3.340433442824447432e-04
2.848800420761108398e+00 2.874898590631279425e-03 3.384708627304376573e-04
2.850160837173461914e+00 3.594895995906659519e-03 3.434570237827901107e-04
2.850838422775268555e+00 2.478771070975605440e-03 3.276703548159804282e-04
2.851520061492919922e+00 2.609498698746494285e-03 3.281004470637205223e-04
2.852197647094726562e+00 2.839239426913415989e-03 3.365502495623139243e-04
2.852878570556640625e+00 3.178915293708810784e-03 3.385646875356338056e-04
2.853556394577026367e+00 2.878932857841133910e-03 3.240588368380436916e-04
2.854236125946044922e+00 2.843554505485510094e-03 3.435077873052245980e-04
2.854913234710693359e+00 2.866399535286021181e-03 3.304204563474990122e-04
2.855593919754028320e+00 3.123265610175363863e-03 3.359711154180296928e-04
2.856274127960205078e+00 2.472738683915323612e-03 3.322128340465691377e-04
2.856951951980590820e+00 3.425428746482455603e-03 3.233728085054286155e-04
2.857632160186767578e+00 2.694114264162643206e-03 3.235742582181046429e-04
2.858311891555786133e+00 2.677848129703402566e-03 3.144479066308017174e-04
2.858991384506225586e+00 3.172135517853498770e-03 3.198559046030443470e-04
2.859668731689453125e+00 3.182405973396118613e-03 3.096281022744705740e-04
2.860346078872680664e+00 3.337423868226324988e-03 3.144469315188447170e-04
2.861025571823120117e+00 2.818836825256707933e-03 3.214406037949104852e-04
2.861707448959350586e+00 3.173362066154714403e-03 3.160449750169469258e-04
2.862388372421264648e+00 2.722441476100664892e-03 3.169388722477877850e-04
2.863065719604492188e+00 2.656974509369087155e-03 3.121042246015301967e-04
2.863745450973510742e+00 2.733747726476421901e-03 3.168229329249913520e-04
2.864422559738159180e+00 2.340608715483220078e-03 3.289695818983868710e-04
2.865103960037231445e+00 2.474342441592006486e-03 3.128957368122354025e-04
2.865782499313354492e+00 2.739172298075962138e-03 3.232125724270760851e-04
2.866464376449584961e+00 2.822056130290649233e-03 3.114822797140909434e-04
2.867140769958496094e+00 2.715793304124762466e-03 3.141185631333713721e-04
2.867820024490356445e+00 2.981617912963670149e-03 3.120816961717214760e-04
2.868495702743530273e+00 3.105628809110875122e-03 3.291562914199502280e-04
2.869178295135498047e+00 3.115435116103154600e-03 3.152414941897110847e-04
2.869855642318725586e+00 2.854014318335899945e-03 3.358061236136069432e-04
2.870537042617797852e+00 2.903063675554816512e-03 3.193139360192816657e-04
2.871216773986816406e+00 2.940193060500448635e-03 3.105048682829401429e-04
2.871894598007202148e+00 2.695626850218792950e-03 3.110451175737668312e-04
2.872574090957641602e+00 2.718224526943550847e-03 3.240282081717753586e-04
2.873253345489501953e+00 3.394638067857129373e-03 3.309498313253297344e-04
2.873932838439941406e+00 2.783822492089427832e-03 3.329451777865042325e-04
2.874612808227539062e+00 2.621587037388648910e-03 3.130313260631998424e-04
2.875292301177978516e+00 3.210658588706038260e-03 3.208960101815041166e-04
2.875972747802734375e+00 2.544629869596039349e-03 2.961085149029210324e-04
2.876648187637329102e+00 2.748004555307536571e-03 3.103163446801912237e-04
2.877329111099243164e+00 2.994154655394434643e-03 3.146324237481790890e-04
2.878005981445312500e+00 2.513253740672676418e-03 3.425327946072620347e-04
2.878686189651489258e+00 3.034954009083174181e-03 3.097819380364974571e-04
2.879366159439086914e+00 2.770325323839405510e-03 3.111000244149353779e-04
2.880724191665649414e+00 2.599076601690717293e-03 3.060843502036659038e-04
2.881403446197509766e+00 3.257533534103428108e-03 3.059293376066702448e-04
2.882082462310791016e+00 2.831314750736148734e-03 3.081724744009133586e-04
2.882763385772705078e+00 2.977622008626775590e-03 3.163089269540046646e-04
2.883439302444458008e+00 2.960015098554226280e-03 3.134131688143069507e-04
2.884120702743530273e+00 2.896715071886994848e-03 3.100476754740188220e-04
2.884798526763916016e+00 2.934985804684273406e-03 3.189478978908282924e-04
2.885478019714355469e+00 2.152474889192524440e-03 3.232745551986549760e-04
2.886158704757690430e+00 2.746282596769819388e-03 3.370363607158561410e-04
2.886836290359497070e+00 2.617677254013295318e-03 3.148591589980107366e-04
2.887515783309936523e+00 3.159106435889349855e-03 3.129692272143873516e-04
2.888193130493164062e+00 2.552529356563646226e-03 3.155633732648430124e-04
2.888870954513549805e+00 2.549638657148033810e-03 3.196955109473854700e-04
2.889552116394042969e+00 2.522855651621975625e-03 3.334119100886923245e-04
2.890229463577270508e+00 3.318027754926924228e-03 3.254519919931549220e-04
2.890911579132080078e+00 1.794864983056152939e-03 3.150204093882431433e-04
2.891589641571044922e+00 2.897764521512173012e-03 3.098124395563565036e-04
2.892267942428588867e+00 2.932552272415251543e-03 3.066347114255865377e-04
2.892946958541870117e+00 2.477805566202590480e-03 3.205970934504761920e-04
2.893625020980834961e+00 2.797475703056975706e-03 3.260006811164683571e-04
2.894985437393188477e+00 2.714296517946379952e-03 3.079043761598234080e-04
2.895662307739257812e+00 3.308429305644040343e-03 3.071762727049995203e-04
2.896345376968383789e+00 3.336760681703499019e-03 3.189330281903035840e-04
2.897021770477294922e+00 2.748275389140501616e-03 3.209760907693458135e-04
2.897701978683471680e+00 2.965931492744888504e-03 3.170555229089963285e-04
2.898379564285278320e+00 2.878177798303541320e-03 3.134758331166993968e-04
2.899061203002929688e+00 2.638012967149612475e-03 3.041141471484670451e-04
2.899737596511840820e+00 3.071758944518431303e-03 3.218649075587777975e-04
2.900417089462280273e+00 2.602270009881957509e-03 3.088397721233119989e-04
2.901096105575561523e+00 2.627696502579557510e-03 3.145649211907411793e-04
2.901777029037475586e+00 2.392034379927999999e-03 3.110913565107985778e-04
2.902453184127807617e+00 2.878925904270109373e-03 3.081835342655154684e-04
2.903131961822509766e+00 2.571630225475456978e-03 3.082850296050494167e-04
2.904492139816284180e+00 3.108212254838139694e-03 3.013696158878360182e-04
2.905171632766723633e+00 2.854462394297329914e-03 3.161395122840120891e-04
2.905848264694213867e+00 2.391580999013013728e-03 3.096775121684516483e-04
2.906528234481811523e+00 3.211996679700071348e-03 3.066239184017237654e-04
2.907208442687988281e+00 2.859997461538220376e-03 3.134603336910138914e-04
2.907885789871215820e+00 2.919194287273458449e-03 3.265908486445316303e-04
2.908563375473022461e+00 3.175911085650433806e-03 3.299433607301871171e-04
2.909244775772094727e+00 2.771176627621854856e-03 3.138306781107363139e-04
2.909921407699584961e+00 2.433177836791324943e-03 3.168609444773701992e-04
2.910601377487182617e+00 2.717440061224951110e-03 3.157028868427314201e-04
2.911280393600463867e+00 3.241202430722915119e-03 2.961823029105028647e-04
2.911959648132324219e+00 2.392199960327462318e-03 3.010581016664982891e-04
2.912638187408447266e+00 2.451484768658303542e-03 2.864460072428359847e-04
2.913997173309326172e+00 3.087909418554870243e-03 2.997236965550299130e-04
2.914673328399658203e+00 2.734707248947652707e-03 2.948047794682054942e-04
2.915353298187255859e+00 2.938900142520787205e-03 3.111319560336664848e-04
2.916032314300537109e+00 2.927234238264560338e-03 2.993719759956849232e-04
2.916714668273925781e+00 3.064606745452615969e-03 3.022249555811916746e-04
2.917391538619995117e+00 2.846825319923270044e-03 2.941746152751853667e-04
2.918071269989013672e+00 2.900438295794619242e-03 3.015871309075378727e-04
2.918748140335083008e+00 2.599126650260100320e-03 2.914626836939025268e-04
2.919428348541259766e+00 2.224202976581140818e-03 2.940570187266727397e-04
2.920107126235961914e+00 2.667355473765167448e-03 2.926136619869278382e-04
2.920785903930664062e+00 2.480875352191649549e-03 2.934791488814426832e-04
2.921466827392578125e+00 2.703031544387032685e-03 2.989879795627691308e-04
2.922142744064331055e+00 2.918004753464968886e-03 3.081630644993468057e-04
2.922821760177612305e+00 3.113171688012433564e-03 3.044395012488151767e-04
2.923501491546630859e+00 2.385505573212278428e-03 3.144976247096482229e-04
2.924179553985595703e+00 2.606023336341576398e-03 2.988269339190139295e-04
2.924858808517456055e+00 3.086893803385543696e-03 3.065220520252684693e-04
2.925537109375000000e+00 3.010244566279243576e-03 3.166833432633612069e-04
2.926217317581176758e+00 2.582203672116846482e-03 2.928140491902635353e-04
2.926896572113037109e+00 2.726342521008267000e-03 3.039630509227192511e-04
2.927573442459106445e+00 2.674004897230496721e-03 2.901330516666303198e-04
2.928254365921020508e+00 2.973374328676995759e-03 3.094090013928053233e-04
2.928932189941406250e+00 2.761212016898663326e-03 3.093577770080333943e-04
2.929613113403320312e+00 2.592768407468158676e-03 2.981665002575288061e-04
2.930290699005126953e+00 2.797817647217717973e-03 2.939596286043624058e-04
2.930969953536987305e+00 3.150351827126791123e-03 2.849204666710488396e-04
2.931647539138793945e+00 2.973155028601097514e-03 2.901970152463116594e-04
2.932326555252075195e+00 2.781029372268091753e-03 2.912776934978982099e-04
2.933007478713989258e+00 2.876155723876249338e-03 2.886479450366815627e-04
2.933683395385742188e+00 2.728116224655221557e-03 2.912458591385933102e-04
2.934364318847656250e+00 2.435528952345007280e-03 2.794344748002165670e-04
2.935041189193725586e+00 2.632596808526582125e-03 2.978998616424752667e-04
2.935721635818481445e+00 3.284128057535171813e-03 2.900733925278254689e-04
2.936399698257446289e+00 2.674579754894451482e-03 2.837722561081440845e-04
2.937077760696411133e+00 2.903766183465224249e-03 2.920257753829655811e-04
2.937757253646850586e+00 3.196534735767585754e-03 3.149794343397403968e-04
2.938435554504394531e+00 2.518141985364079610e-03 2.910524648079053584e-04
2.939116716384887695e+00 2.769353735809389552e-03 2.868221275463823093e-04
2.939795494079589844e+00 3.028759080069697192e-03 2.881110288336902301e-04
2.940471172332763672e+00 2.888437211321258011e-03 2.909308179359996463e-04
2.941150903701782227e+00 3.639071313941289864e-03 2.991657294795319554e-04
2.941829919815063477e+00 2.562292640947084772e-03 2.822901346602936946e-04
2.942508697509765625e+00 3.057105577629219261e-03 2.775324280718977923e-04
2.943187236785888672e+00 2.789382787850949817e-03 2.791073961628304690e-04
2.943866491317749023e+00 2.954858218124957643e-03 2.886254891021140432e-04
2.944545269012451172e+00 2.546521530379315060e-03 3.069720709669174837e-04
2.945224285125732422e+00 2.561671835036214394e-03 3.039939200509722181e-04
2.945904254913330078e+00 3.019830434213666582e-03 2.716730187502560670e-04
2.946582555770874023e+00 2.682790431560950605e-03 2.891490898645391423e-04
2.947257757186889648e+00 2.837483464420202835e-03 2.944572255592736547e-04
2.947937726974487305e+00 2.998026288857973554e-03 2.917077184026598338e-04
2.948620557785034180e+00 3.280016831822997383e-03 2.996892361509946568e-04
2.949297428131103516e+00 2.587950879804702068e-03 2.827038030553558632e-04
2.949974536895751953e+00 2.701259989792913555e-03 2.820317856434803637e-04
2.950654745101928711e+00 2.797921778630902898e-03 2.669129901664666770e-04
2.951333045959472656e+00 3.134396237385976124e-03 2.771398387624396885e-04
2.952010631561279297e+00 2.977827412638305634e-03 2.880537420791485928e-04
2.952691316604614258e+00 2.514111710757606713e-03 2.811556761011451766e-04
2.953369140625000000e+00 3.068190261720375560e-03 2.845813659346714043e-04
2.954047679901123047e+00 2.572210579079687535e-03 2.794643956207791850e-04
2.954724788665771484e+00 3.251424193642511035e-03 2.808048538559440154e-04
2.955404996871948242e+00 2.966936768943345508e-03 2.876764694836866291e-04
2.956084728240966797e+00 3.343717900987656835e-03 2.835456341779807017e-04
2.956761360168457031e+00 3.195692381353011646e-03 2.847732878336056293e-04
2.957439422607421875e+00 2.815357323381723845e-03 2.688495490572526667e-04
2.958118677139282227e+00 3.559016022155858227e-03 2.724091663741392243e-04
2.958798408508300781e+00 3.183631735465874534e-03 2.821008830454501022e-04
2.959476947784423828e+00 2.991881563039180004e-03 2.876490531098190701e-04
2.960156440734863281e+00 3.028019521778829628e-03 2.872373167654917406e-04
2.960833072662353516e+00 2.539460587297510431e-03 2.876578975579800615e-04
2.961512088775634766e+00 2.524938490445912623e-03 2.788503738304610275e-04
2.962193250656127930e+00 2.968746833205614284e-03 2.832043555211859035e-04
2.962870597839355469e+00 2.986414421507741640e-03 2.800559210890028955e-04
2.963548898696899414e+00 2.802718265024594767e-03 2.891498315980197678e-04
2.964227437973022461e+00 3.160987233504829706e-03 2.827626206405323898e-04
2.964906215667724609e+00 2.855237728317057324e-03 2.876829167682890920e-04
2.966265201568603516e+00 2.569024406430656972e-03 3.064350873933638971e-04
2.966941595077514648e+00 3.401650432704654645e-03 2.414323872160455792e-04
2.967622995376586914e+00 3.262869945888867071e-03 2.897968394864569542e-04
2.968303203582763672e+00 2.972533516352287609e-03 3.013174380195100962e-04
2.968981027603149414e+00 2.298531311869133741e-03 3.012535140186797496e-04
2.969657421112060547e+00 2.508838343447918756e-03 2.942928893786274196e-04
2.970336437225341797e+00 3.362301700473899636e-03 2.814843205767979945e-04
2.971014976501464844e+00 3.473630720819510971e-03 2.767608243398633782e-04
2.971694469451904297e+00 2.973670823784035650e-03 2.856873298819107053e-04
2.972369670867919922e+00 3.008616605912244404e-03 2.780702708294673043e-04
2.973050594329833984e+00 2.734337962198773661e-03 2.743308379357721309e-04
2.973729133605957031e+00 2.575358703570353267e-03 2.666612536069311507e-04
2.974405765533447266e+00 2.749758832099098542e-03 2.712200144329878133e-04
2.975086688995361328e+00 2.803016116794381646e-03 2.806880299827583213e-04
2.975763082504272461e+00 2.761069003981970246e-03 2.726544120307137424e-04
2.976442575454711914e+00 2.811521087923106715e-03 2.706371601738338903e-04
2.977121353149414062e+00 2.547428683213549556e-03 2.761120806862522913e-04
2.977799415588378906e+00 2.801289012679242848e-03 2.751881919933392450e-04
2.978475809097290039e+00 2.451601852961978259e-03 2.692341797730331342e-04
2.979155063629150391e+00 2.414159538796450087e-03 2.779702268651907467e-04
2.979835987091064453e+00 3.194228007328373063e-03 2.816555501520972855e-04
2.980515480041503906e+00 3.311577600428938350e-03 2.739699807853134168e-04
2.981193542480468750e+00 3.216740739543434355e-03 2.865456031060081431e-04
2.983227014541625977e+00 2.924609925961040805e-03 2.854878439888496868e-04
2.983904838562011719e+00 2.819192303730238321e-03 2.840018464359738630e-04
2.984585523605346680e+00 2.668817117388602288e-03 2.939660157652427869e-04
2.985264301300048828e+00 3.088921712281012498e-03 2.703972509964608318e-04
2.985941886901855469e+00 2.903870003039239235e-03 2.965399032217663831e-04
2.986620664596557617e+00 3.120707981385241209e-03 2.801382177940363121e-04
2.987300157546997070e+00 2.861443937800238913e-03 3.009051432246397963e-04
2.987977266311645508e+00 3.413359723974107151e-03 2.933614009744190450e-04
2.988658189773559570e+00 3.028973302022235255e-03 2.975419381534112552e-04
2.989333868026733398e+00 2.977584161909832463e-03 2.911723094678692145e-04
2.990012645721435547e+00 3.002560551747575184e-03 2.770476908544972994e-04
2.990691184997558594e+00 2.810967494096687329e-03 2.794699682214682956e-04
2.991369009017944336e+00 3.107635593862471870e-03 2.746288075967295221e-04
2.992046594619750977e+00 3.504607130952901595e-03 2.758410982377227836e-04
2.992728710174560547e+00 3.194362724361241631e-03 2.679354459267784287e-04
2.993407487869262695e+00 3.012069053080799769e-03 2.679424865243462727e-04
2.994083404541015625e+00 2.541178320219561210e-03 2.693761701365675852e-04
2.994762659072875977e+00 2.849801127171435172e-03 2.707629109252872074e-04
2.995442152023315430e+00 2.803401318970124255e-03 2.701565094857322690e-04
2.996117353439331055e+00 3.440120777295204400e-03 2.773654806331711867e-04
2.996799945831298828e+00 3.457078429563206767e-03 2.758186851668470267e-04
2.997476100921630859e+00 2.819499001890545063e-03 2.644226464457336912e-04
2.998156309127807617e+00 3.063572022415253331e-03 2.711308168369867908e-04
2.998831748962402344e+00 2.456273021004046729e-03 2.737937436591477021e-04
2.999511718750000000e+00 2.369725172420910925e-03 2.967378109563188499e-04
3.000189542770385742e+00 2.622668012083760949e-03 2.854681225664248761e-04
3.000865221023559570e+00 2.804968738392196910e-03 2.774105247437703156e-04
3.001546382904052734e+00 2.771494555922955020e-03 2.640540914968322493e-04
3.002227067947387695e+00 3.030505900669768979e-03 2.855464217302813054e-04
3.002904653549194336e+00 2.922428077529060347e-03 2.769535456841288267e-04
3.003581523895263672e+00 2.894094147448483811e-03 2.755760818799876319e-04
3.004260301589965820e+00 3.251047408293526991e-03 2.666962185719810126e-04
3.004940509796142578e+00 2.833435620108148891e-03 2.666740201047616615e-04
3.005617141723632812e+00 2.856945037739522068e-03 2.680860030345627891e-04
3.006294965744018555e+00 2.944620219026042318e-03 2.680399706457243592e-04
3.006974220275878906e+00 3.199200067936529800e-03 2.761943025704474350e-04
3.007654190063476562e+00 2.475285742177779549e-03 2.808851897206531196e-04
3.008331060409545898e+00 3.460994384568288462e-03 2.862786408384711007e-04
3.009009599685668945e+00 3.031017671553489466e-03 2.782111528445221915e-04
3.009687662124633789e+00 3.218849219922199131e-03 2.857395635069646922e-04
3.010367393493652344e+00 2.939088003300374587e-03 2.931846274780588145e-04
3.011042833328247070e+00 3.183701173613367758e-03 2.733994813410875555e-04
3.011723041534423828e+00 3.263295447317960275e-03 2.779694628118906260e-04
3.012401819229125977e+00 2.925896208552309415e-03 2.804028700760980461e-04
3.013081312179565430e+00 3.200361688002608535e-03 2.590990611110578854e-04
3.013755798339843750e+00 2.837134226748042054e-03 2.668907613613288963e-04
3.014433860778808594e+00 2.635011952466462075e-03 2.447099855316307686e-04
3.015112638473510742e+00 3.152794694733070981e-03 2.648208633286721985e-04
3.015789985656738281e+00 3.046800581022661089e-03 2.724182786104496182e-04
3.016470670700073242e+00 2.532218751027385823e-03 2.779759536847195957e-04
3.017828702926635742e+00 2.902040915449950482e-03 2.862726902170613613e-04
3.018506526947021484e+00 2.622642811315538305e-03 2.818436836371270428e-04
3.019184589385986328e+00 2.790431758455383902e-03 2.517947312521272730e-04
3.019862890243530273e+00 2.866979339245628085e-03 2.225691194842864681e-04
3.020539283752441406e+00 2.104394544015949359e-03 2.892154751005248411e-04
3.021217823028564453e+00 2.506397300502509647e-03 2.603209189270894522e-04
3.021896123886108398e+00 2.441330245769458406e-03 2.712781809929924173e-04
3.022575616836547852e+00 2.543858658435612860e-03 2.799300487394899947e-04
3.023253679275512695e+00 2.788195984429765826e-03 2.698949386751431628e-04
3.023933410644531250e+00 2.772204205418987277e-03 2.854984547188639857e-04
3.024610996246337891e+00 2.797740388790808524e-03 2.739529830659104639e-04
3.025289773941040039e+00 2.958756279050093248e-03 2.645531528933713029e-04
3.025967836380004883e+00 2.556217049211300784e-03 2.757244102897254577e-04
3.026645421981811523e+00 3.059589987439143184e-03 2.741707458609105898e-04
3.027325153350830078e+00 2.578987666553136503e-03 2.583371119571051841e-04
3.028681516647338867e+00 2.890573183955654109e-03 2.709452129471649762e-04
3.029356718063354492e+00 3.001726275975097075e-03 2.763618214850110163e-04
3.030037403106689453e+00 3.247885267315025418e-03 2.754490940871437139e-04
3.030715465545654297e+00 2.973078234237068636e-03 2.938478091817511395e-04
3.031394720077514648e+00 3.186281006532178019e-03 2.808447273005570564e-04
3.032070875167846680e+00 2.779254944124553810e-03 2.729994228072032091e-04
3.032749414443969727e+00 2.918921726881917606e-03 2.698100185083233938e-04
3.033427715301513672e+00 2.324811689151235188e-03 2.665008499899638029e-04
3.034782886505126953e+00 2.754000789698562122e-03 2.742999242967865533e-04
3.035460472106933594e+00 2.636561985967973438e-03 2.624152500176444463e-04
3.036140203475952148e+00 2.530106364219168995e-03 2.632565897840501178e-04
3.036818265914916992e+00 3.122480021693387064e-03 2.747693687947237750e-04
3.037497997283935547e+00 3.395380927207398026e-03 2.679339218940233981e-04
3.038175582885742188e+00 2.966292132958678069e-03 2.628787022286766016e-04
3.038853406906127930e+00 2.155075043292741140e-03 2.560050843437335077e-04
3.039530992507934570e+00 3.106007347146179463e-03 2.658410363654901596e-04
3.040208101272583008e+00 2.774208057471581976e-03 2.632423027033004796e-04
3.040889024734497070e+00 2.866616971768861342e-03 2.757831703418764943e-04
3.041563987731933594e+00 2.799820566482420607e-03 2.723636582805192001e-04
3.042244672775268555e+00 3.190542509665126279e-03 2.769397790068120458e-04
3.042921543121337891e+00 2.771920181245034372e-03 2.792472665922755902e-04
3.043601751327514648e+00 2.861443975151260061e-03 2.775617781029000451e-04
3.044279098510742188e+00 3.086463946734300991e-03 2.830481419584727999e-04
3.044957160949707031e+00 2.993192201630691298e-03 2.816550066820510301e-04
3.045636653900146484e+00 3.486481633932430896e-03 2.741105721399299320e-04
3.046313047409057617e+00 2.401761635793154322e-03 2.774393057771771631e-04
3.046992778778076172e+00 3.142945357625975128e-03 2.790020480541360111e-04
3.047669649124145508e+00 2.416216025716452515e-03 2.843706375903936115e-04
3.048348426818847656e+00 3.284848506254932875e-03 2.830627885039380272e-04
3.049027204513549805e+00 2.975464586640433860e-03 2.818647121582015477e-04
3.049703836441040039e+00 2.610211915678675113e-03 2.810810745432640594e-04
3.050382375717163086e+00 2.757866678884242969e-03 2.820735854999551948e-04
3.051059961318969727e+00 3.024991204284466825e-03 2.716079892194026165e-04
3.051739215850830078e+00 3.137226299081613545e-03 2.658618035197140845e-04
3.052415370941162109e+00 2.683463160713508121e-03 2.584518579131342333e-04
3.053095102310180664e+00 3.122880580740504050e-03 2.710092256243987283e-04
3.053772926330566406e+00 3.193689897834881084e-03 2.716683135903361817e-04
3.054450035095214844e+00 2.302798817585836703e-03 2.727891875133664945e-04
3.055128812789916992e+00 3.327018645898458579e-03 2.677287655218474728e-04
3.055806159973144531e+00 3.126590991598146747e-03 2.572713279651602349e-04
3.056484222412109375e+00 2.447278685479229148e-03 2.714488845020411427e-04
3.057161569595336914e+00 2.900194630857718531e-03 2.737179707122250468e-04
3.057839155197143555e+00 3.080616241045454860e-03 2.860588288251333130e-04
3.058518886566162109e+00 2.549421013581553049e-03 2.667198389606131718e-04
3.059198141098022461e+00 3.508550805125586463e-03 2.757904971474371366e-04
3.059875011444091797e+00 3.080745411510167273e-03 2.797765803854064277e-04
3.060551643371582031e+00 2.898775631952311797e-03 2.835505154982382063e-04
3.061229944229125977e+00 2.735495891725896363e-03 2.734222493769760992e-04
3.061909675598144531e+00 2.549384843118177296e-03 2.680045050907491912e-04
3.062587261199951172e+00 3.008062904243439389e-03 2.620990825933216801e-04
3.063263416290283203e+00 3.124112491661288574e-03 2.704902606970771193e-04
3.063942909240722656e+00 3.191379612193119379e-03 2.732033392281477623e-04
3.064620733261108398e+00 2.940425760528423641e-03 2.686588694344900757e-04
3.065300464630126953e+00 3.139255235790404212e-03 2.785550701812155943e-04
3.065978527069091797e+00 2.850226475211237089e-03 2.717753699393084406e-04
3.066656112670898438e+00 2.867442867561075057e-03 2.745914637713560901e-04
3.067335844039916992e+00 2.931453066117491353e-03 2.662612962515602342e-04
3.068010807037353516e+00 3.185372187425075576e-03 2.401924153962339511e-04
3.068688154220581055e+00 2.650202711796685769e-03 2.807446465713598011e-04
3.069367170333862305e+00 2.584386127649349572e-03 2.750007966479607233e-04
3.070724725723266602e+00 2.467263173789849186e-03 2.974907767979459265e-04
3.071400403976440430e+00 2.618814467371756872e-03 2.705594711869561747e-04
3.072080135345458984e+00 2.703248967680488366e-03 2.783025499998189830e-04
3.072757244110107422e+00 2.848474273975215923e-03 2.716796505717772618e-04
3.073434829711914062e+00 2.695719878310960053e-03 2.660433159848801213e-04
3.074111461639404297e+00 2.862179926870943129e-03 2.696801946192396758e-04
3.074790954589843750e+00 3.189511417148953743e-03 2.818087865553070342e-04
3.075468540191650391e+00 2.783263317134459115e-03 2.868204381241538405e-04
3.076146125793457031e+00 3.119816996688551652e-03 2.686781257496665982e-04
3.076827287673950195e+00 2.751681864272063384e-03 2.780935839685679824e-04
3.077503442764282227e+00 3.180661831568978599e-03 2.757200771702208661e-04
3.078181982040405273e+00 2.695611449205321478e-03 2.641261514971522781e-04
3.078858852386474609e+00 2.716161068300804605e-03 2.646645433302742306e-04
3.079536199569702148e+00 2.892621832490276969e-03 2.591527403375857934e-04
3.080215215682983398e+00 2.716351310879104239e-03 2.579551255017849959e-04
3.080890893936157227e+00 2.872417129906572851e-03 2.682313641768749768e-04
3.081572771072387695e+00 2.747894331168376433e-03 2.602534727688537454e-04
3.082926511764526367e+00 2.053326330265327522e-03 2.609743754510044592e-04
3.083604574203491211e+00 2.051514304349177746e-03 2.748305799910608169e-04
3.084282875061035156e+00 3.283615704092426001e-03 2.794830359257874310e-04
3.084959506988525391e+00 2.302793845361614071e-03 2.574613983786558087e-04
3.085639953613281250e+00 2.702977357826227053e-03 2.761437585113835471e-04
3.086317300796508789e+00 2.565483580584101541e-03 2.807920489692036694e-04
3.086992740631103516e+00 3.351692142080986165e-03 2.774603766290613697e-04
3.087674617767333984e+00 2.957256997114971440e-03 2.899376299813292957e-04
3.088349103927612305e+00 2.082461505558644288e-03 2.732296822495300327e-04
3.089029073715209961e+00 3.285585630070742263e-03 2.836755372396992849e-04
3.089706182479858398e+00 2.870669607940689282e-03 2.776334452349185438e-04
3.090386390686035156e+00 2.756465688721623612e-03 2.705554186219298325e-04
3.091060876846313477e+00 3.231777043029997014e-03 2.756369200092998644e-04
3.091739177703857422e+00 2.578405302673110293e-03 2.763175299886089795e-04
3.092416286468505859e+00 2.777647488835134106e-03 2.625849649457178987e-04
3.093094348907470703e+00 2.978929764741733866e-03 2.752295901239714348e-04
3.093773365020751953e+00 3.191257956452229344e-03 2.695863498442475827e-04
3.094449043273925781e+00 3.205809460824585091e-03 2.655301272574050130e-04
3.095130205154418945e+00 2.754832263235936114e-03 2.788518362053790732e-04
3.095806837081909180e+00 2.971458294467133575e-03 2.765322212121129326e-04
3.096483707427978516e+00 2.807172325760307757e-03 2.722320699938918860e-04
3.097162246704101562e+00 2.591884802831158352e-03 2.656305864829176669e-04
3.097839593887329102e+00 2.826744802360810129e-03 2.743239505764720650e-04
3.098518610000610352e+00 2.903349424606827076e-03 2.658261366607412484e-04
3.099194049835205078e+00 2.906973459805453457e-03 2.540470202872568755e-04
3.099873542785644531e+00 2.651557703506095959e-03 2.580119660301649805e-04
3.100549936294555664e+00 2.817548528697464728e-03 2.648257641905999056e-04
3.101229190826416016e+00 2.555805363421777450e-03 2.492655478490624814e-04
3.101907253265380859e+00 2.988548491341444686e-03 2.629033161819783722e-04
3.102584600448608398e+00 3.011626571783534035e-03 2.744434830324412765e-04
3.103261470794677734e+00 2.886411143941829561e-03 2.673065647572373730e-04
3.103939771652221680e+00 2.751399986905568411e-03 2.511151996237012468e-04
3.104617834091186523e+00 3.219377067983822827e-03 2.531558827956647737e-04
3.105294227600097656e+00 2.440328896469082850e-03 2.627945197187691109e-04
3.105972290039062500e+00 2.490619322356566693e-03 2.496148748635871727e-04
3.106650114059448242e+00 3.272997514273590872e-03 2.694624630186960189e-04
3.107325792312622070e+00 3.342575335860316094e-03 2.640192353763408622e-04
3.108006238937377930e+00 3.026188919553259027e-03 2.740499928472196452e-04
3.108684539794921875e+00 2.719037228406770163e-03 2.799650674099340465e-04
3.109361171722412109e+00 2.923442657368669970e-03 2.656959362285479581e-04
3.110038995742797852e+00 3.239928532755494660e-03 2.710574717769947527e-04
3.110716581344604492e+00 2.892823407669388360e-03 2.722986925866742371e-04
3.111393451690673828e+00 3.126969826681801415e-03 2.632938235606905111e-04
3.112073898315429688e+00 2.768960657249329178e-03 2.311345349195601982e-04
3.112750291824340820e+00 3.167503562670517282e-03 2.745973451180762207e-04
3.113426923751831055e+00 2.834075105247855705e-03 2.740655560439392313e-04
3.114106893539428711e+00 3.077445593164513434e-03 2.709711384990467088e-04
3.114783048629760742e+00 2.930050918658774067e-03 2.740472477703148721e-04
3.115459442138671875e+00 3.085832068295617150e-03 2.735928780917322662e-04
3.116139173507690430e+00 3.122721651639090955e-03 2.593462290906342464e-04
3.116817235946655273e+00 2.964942436826361900e-03 2.753002878740632071e-04
3.119527816772460938e+00 3.456882800335225707e-03 2.800505030577393490e-04
3.120205879211425781e+00 2.838700074309530308e-03 2.533248800328142289e-04
3.120883703231811523e+00 3.093537897906789222e-03 2.665288948087727932e-04
3.121558427810668945e+00 3.102353670463766071e-03 2.689292347258363152e-04
3.122235059738159180e+00 3.117756913624443200e-03 2.694376671366106868e-04
3.122915267944335938e+00 2.399273038023940277e-03 2.668119189521463565e-04
3.123593091964721680e+00 3.134217954513176738e-03 2.641648442802900488e-04
3.124269247055053711e+00 2.609373205455979387e-03 2.629078086430795217e-04
3.124950170516967773e+00 2.578391818868101988e-03 2.656513639038540395e-04
3.125624656677246094e+00 2.909899358403081598e-03 2.704233836723821094e-04
3.126302003860473633e+00 2.745209426635163586e-03 2.635804789894745153e-04
3.126980781555175781e+00 2.479495414349683433e-03 2.548953891009134273e-04
3.127659559249877930e+00 2.688950391990697127e-03 2.765402004942196746e-04
3.128334999084472656e+00 2.739400726894039226e-03 2.679127040620169452e-04
3.129012823104858398e+00 3.155860810558303985e-03 2.749234349499392349e-04
3.129690885543823242e+00 2.690664288493357405e-03 2.693822408338529453e-04
3.130368709564208984e+00 3.567607092769134805e-03 2.892866497523224022e-04
3.131046533584594727e+00 3.082231993990700025e-03 2.833773492893505567e-04
3.132401227951049805e+00 2.538895608591178535e-03 2.756987381672253178e-04
3.133079290390014648e+00 2.947001781349295468e-03 2.810917740556885471e-04
3.133756399154663086e+00 2.957829168746463344e-03 2.648330025589141980e-04
3.134434700012207031e+00 2.790408609142805071e-03 2.784263147253967520e-04
3.135114431381225586e+00 2.091856871662165201e-03 2.868117519741307389e-04
3.135789155960083008e+00 2.653484167361928794e-03 2.677637344354896558e-04
3.136466741561889648e+00 2.450554039502091455e-03 2.587824794640287453e-04
3.137142896652221680e+00 2.609239198945057653e-03 2.674822877171021351e-04
3.137822628021240234e+00 2.710215362396410383e-03 2.599519531271906898e-04
3.138500928878784180e+00 2.740236010819823830e-03 2.671759643249772137e-04
3.139175415039062500e+00 2.684967315657192568e-03 2.631542368693789101e-04
3.139856100082397461e+00 2.481549197787686397e-03 2.566727721379485753e-04
3.140531778335571289e+00 3.083216759306659817e-03 2.610896445384916368e-04
3.141209840774536133e+00 2.898991930985736921e-03 2.697100047191018906e-04
3.141887903213500977e+00 2.737901067716370755e-03 2.786152030668416772e-04
3.142563104629516602e+00 2.819292283435796687e-03 2.623442622291891763e-04
3.143242120742797852e+00 3.136232096899845001e-03 2.639565198543696533e-04
3.143920421600341797e+00 2.770413080319887675e-03 2.692014194673444309e-04
3.144596815109252930e+00 2.891285839269735255e-03 2.608704751569804539e-04
3.145273208618164062e+00 3.097006837782546266e-03 2.639014507707082287e-04
3.145952463150024414e+00 2.639568709219653614e-03 2.645204824894836640e-04
3.146629810333251953e+00 3.048883690305185037e-03 2.585965515025389380e-04
3.147304296493530273e+00 2.338871135370853161e-03 2.738884601031062399e-04
3.147984743118286133e+00 2.880204624994904712e-03 2.673008031675395751e-04
3.148661375045776367e+00 3.139701854481299903e-03 2.795009642860720703e-04
3.149340629577636719e+00 2.896331905337493160e-03 2.698969120391031410e-04
3.150015830993652344e+00 2.797296134010461913e-03 2.630576658245060160e-04
3.150693178176879883e+00 3.128447735137591338e-03 2.608188845108472785e-04
3.151370525360107422e+00 3.400295491728517507e-03 2.651236990121436619e-04
3.152047872543334961e+00 3.285353517547180864e-03 2.705986037834280265e-04
3.152726173400878906e+00 3.001822115950327809e-03 2.716739008061212096e-04
3.153405189514160156e+00 2.943195815083509380e-03 2.704934154204753768e-04
3.154082536697387695e+00 2.780176523303031638e-03 2.754910487932237429e-04
3.154757261276245117e+00 2.783933123672589251e-03 2.623041693558136487e-04
3.155436515808105469e+00 2.689465238007321141e-03 2.675895549192223782e-04
3.156112670898437500e+00 2.734630418401303234e-03 2.639268390935863278e-04
3.156792402267456055e+00 3.300811893126409918e-03 2.859907402463451420e-04
3.157471418380737305e+00 3.168440513802198936e-03 2.665120746953877863e-04
3.158145666122436523e+00 3.153948099818774508e-03 2.801424071123384584e-04
3.159500122070312500e+00 2.926587721736081081e-03 2.700705390694986964e-04
3.160177469253540039e+00 2.416624731542001484e-03 2.596674501480295211e-04
3.160856246948242188e+00 3.073073316946990305e-03 2.635110758265953469e-04
3.161533355712890625e+00 3.374275287366056662e-03 2.777725663692835268e-04
3.162207365036010742e+00 2.982037166996114302e-03 2.880525297940033313e-04
3.162889957427978516e+00 3.070947635657633387e-03 2.712040235215396836e-04
3.163566827774047852e+00 3.667879268169157211e-03 2.739638292111962409e-04
3.164241552352905273e+00 3.332097816563820477e-03 2.620750742148299879e-04
3.164917707443237305e+00 2.575815485755460991e-03 2.694016270273193398e-04
3.165596246719360352e+00 2.494655708219806287e-03 2.700909749676870530e-04
3.166272878646850586e+00 2.776532519160332304e-03 2.570212584872599349e-04
3.166952848434448242e+00 3.494434193958613315e-03 2.720148116765079625e-04
3.167628765106201172e+00 2.996550268220461201e-03 2.774670236633657461e-04
3.168304920196533203e+00 2.779540631409345864e-03 2.414231343345470896e-04
3.168984413146972656e+00 2.727626580766366344e-03 2.645590426920245430e-04
3.169661045074462891e+00 3.029946632807067972e-03 2.646784901160292120e-04
3.170337438583374023e+00 2.954020050944393579e-03 2.700791135156152567e-04
3.171016216278076172e+00 2.811298500859364669e-03 2.674857011343284704e-04
3.171692371368408203e+00 2.902015192693368616e-03 2.678365901662056476e-04
3.172367811203002930e+00 2.050332170912704758e-03 2.618265049389956146e-04
3.173046588897705078e+00 2.452766854635726225e-03 2.635353682412909385e-04
3.173727273941040039e+00 2.403352369469382264e-03 2.588511390426156836e-04
3.174401998519897461e+00 2.463269964100822749e-03 2.179649949289149324e-04
3.175080299377441406e+00 3.722247091519601501e-03 2.828958814730376495e-04
3.175755023956298828e+00 3.238371141837651304e-03 2.678575856571950293e-04
3.176432132720947266e+00 3.118936089889369056e-03 2.666239404639328707e-04
3.177112340927124023e+00 2.890135159771893905e-03 2.795300741989875052e-04
3.177787780761718750e+00 2.693400575766642137e-03 2.737497342891935200e-04
3.178463935852050781e+00 2.732872502962290211e-03 2.783863347722594886e-04
3.181173563003540039e+00 2.967025888639692084e-03 2.692343306710340430e-04
3.181852340698242188e+00 2.822770642618640646e-03 2.660274305577998684e-04
3.182528972625732422e+00 2.673358943920069956e-03 2.801604814045173249e-04
3.183205842971801758e+00 2.838158921096542268e-03 2.951308235650945406e-04
3.183883428573608398e+00 2.803997666730481068e-03 2.626059528897112662e-04
3.184559822082519531e+00 3.037855745836731246e-03 2.621929116834469564e-04
3.185237169265747070e+00 3.086368985870478494e-03 2.740437059430839563e-04
3.185913324356079102e+00 3.428764688714869800e-03 2.701577075272754646e-04
3.186591625213623047e+00 3.011005184288575477e-03 2.686653043394710678e-04
3.187269926071166992e+00 2.741628635758597970e-03 2.642250650679054216e-04
3.187947273254394531e+00 3.411642729200479399e-03 2.634763429501937523e-04
3.188622236251831055e+00 2.754489118168485136e-03 2.666195901543119240e-04
3.189300775527954102e+00 3.155176227690690942e-03 2.728344485223074671e-04
3.189976453781127930e+00 2.855513664835701744e-03 2.712536539844172929e-04
3.190661191940307617e+00 2.991874872079441049e-03 2.668382166760528413e-04
3.191333293914794922e+00 3.507458937546530618e-03 2.752623674554734059e-04
3.192009925842285156e+00 3.220190824355404196e-03 2.707913101369668787e-04
3.192686080932617188e+00 3.265838148137200497e-03 2.770029058084639770e-04
3.194039821624755859e+00 2.396683690000533419e-03 2.481327592970905636e-04
3.194718599319458008e+00 3.604786207925634624e-03 2.694018486622351094e-04
3.195395231246948242e+00 3.104397309532525538e-03 2.691686813693751150e-04
3.196072816848754883e+00 3.055070846090900908e-03 2.633393100990620095e-04
3.196750879287719727e+00 3.346223168812209603e-03 2.729315828208262883e-04
3.197425365447998047e+00 2.857592420393497736e-03 2.770483912354019932e-04
3.198104381561279297e+00 3.126071542386708695e-03 2.722324705085005605e-04
3.198778152465820312e+00 2.948553666682928506e-03 2.712786990599134855e-04
3.199457168579101562e+00 2.592836993547475901e-03 2.745342724484368013e-04
3.200133323669433594e+00 3.101353740499960664e-03 2.730895999410739932e-04
3.200811862945556641e+00 2.979743974127790993e-03 2.743353733798657712e-04
3.201487302780151367e+00 2.719342969047740515e-03 2.758293492507935462e-04
3.202844858169555664e+00 3.006959812566939103e-03 2.650116037658217902e-04
3.203519582748413086e+00 2.631972365889806084e-03 2.626304298492471503e-04
3.204197645187377930e+00 2.721551710364753570e-03 2.733689004525978634e-04
3.204876422882080078e+00 2.925526899745694957e-03 2.626940001848589667e-04
3.205549955368041992e+00 3.286106158911878891e-03 2.651627466364979012e-04
3.206228971481323242e+00 3.117942245324996278e-03 2.560741051119038965e-04
3.206906080245971680e+00 2.731278386967997320e-03 2.628945303960655085e-04
3.207581520080566406e+00 2.974168529349411651e-03 2.592032360257666987e-04
3.208260536193847656e+00 3.022840574758447162e-03 2.605988254706934960e-04
3.208933591842651367e+00 2.456649590538526919e-03 2.557242427144229210e-04
3.209613800048828125e+00 3.252939014384143013e-03 2.554429163233536051e-04
3.210291385650634766e+00 2.755204976415293484e-03 2.723791792575825754e-04
3.210966348648071289e+00 2.999521049016910974e-03 2.653044604988113986e-04
3.211643457412719727e+00 2.908033067203133655e-03 2.668980200426265804e-04
3.212322950363159180e+00 3.026369349634086547e-03 2.658136441426446573e-04
3.212997913360595703e+00 2.842136600790249028e-03 2.516629337693420581e-04
3.213675260543823242e+00 2.757094061265462619e-03 2.649706652865003748e-04
3.214353084564208984e+00 3.197773040396850036e-03 2.722169336112950275e-04
3.215029716491699219e+00 2.501474748133912952e-03 2.561314050690165689e-04
3.215705633163452148e+00 3.086993082848080508e-03 2.608548717946088677e-04
3.216381072998046875e+00 3.488183311933361688e-03 2.713551125604881449e-04
3.217060565948486328e+00 2.872534620753156714e-03 2.737643447031800248e-04
3.217736244201660156e+00 2.548768418777404548e-03 2.659448908086869067e-04
3.218415021896362305e+00 2.656580844487907087e-03 2.712394359293500141e-04
3.219092369079589844e+00 2.813101861711466648e-03 2.842277937197775807e-04
3.219768762588500977e+00 3.450434058169183065e-03 2.748227014447930704e-04
3.220445156097412109e+00 2.632765182259275832e-03 2.613285872529039276e-04
3.221122026443481445e+00 2.627522046129896535e-03 2.790186178345454237e-04
3.221799850463867188e+00 3.067175336114546028e-03 2.718262713213784191e-04
3.222474813461303711e+00 3.253173371239058420e-03 2.740718461107712078e-04
3.223152160644531250e+00 3.065949315887456488e-03 2.638789760485741004e-04
3.223831653594970703e+00 3.186887500156786006e-03 2.699681725382949995e-04
3.224506139755249023e+00 2.147767363206430288e-03 2.725533166289158802e-04
3.225183486938476562e+00 3.295047131642840892e-03 2.741843474845489094e-04
3.225859403610229492e+00 3.171341459379153471e-03 2.817834832492311270e-04
3.226538419723510742e+00 2.850350042009243499e-03 2.770829905137415583e-04
3.227214813232421875e+00 2.732039678875976610e-03 2.766024388949290050e-04
3.227891683578491211e+00 2.783855728060849032e-03 2.833535035504846982e-04
3.228568792343139648e+00 2.979533206159512993e-03 2.804690228208097909e-04
3.229244470596313477e+00 3.272322864100785534e-03 2.728729894156905035e-04
3.229921340942382812e+00 2.994148799240851748e-03 2.719797114899424211e-04
3.230598926544189453e+00 2.965306750872412876e-03 2.663051033406924951e-04
3.231275796890258789e+00 2.674413458521732786e-03 2.703090905648658721e-04
3.231950044631958008e+00 3.428312740626677808e-03 2.875035727424289926e-04
3.232627630233764648e+00 3.088439119669425525e-03 2.825677768084579517e-04
3.233309268951416016e+00 2.988056711955494344e-03 2.728118674392642721e-04
3.233984947204589844e+00 2.906501681507332908e-03 2.680090969135629376e-04
3.234658241271972656e+00 3.015790328100940478e-03 2.673151399735935996e-04
3.235338449478149414e+00 2.910803079880296389e-03 2.795224392739271676e-04
3.236012935638427734e+00 2.971125621172611853e-03 2.720873295361439363e-04
3.236690044403076172e+00 3.269024499914577331e-03 2.696073859891593588e-04
3.237367630004882812e+00 3.020567499762899944e-03 2.712605531895558508e-04
3.238042831420898438e+00 2.718047581333015057e-03 2.703661964394387372e-04
3.238720417022705078e+00 3.172542476565229971e-03 2.621960400802894240e-04
3.239393472671508789e+00 2.972223329952073008e-03 2.418450713123726189e-04
3.240751981735229492e+00 2.461229133493868845e-03 2.719564976823040151e-04
3.241427183151245117e+00 3.260605016715917900e-03 2.689636991271509127e-04
3.242103815078735352e+00 2.520402716367959022e-03 2.620669352474113431e-04
3.242781400680541992e+00 2.768894879667354626e-03 2.764613237503227555e-04
3.243458986282348633e+00 2.685044762151071567e-03 2.703931730254657113e-04
3.244136333465576172e+00 3.408514386293988192e-03 2.639286297519089571e-04
3.244811534881591797e+00 2.527071712694183708e-03 2.654715836369927725e-04
3.245490074157714844e+00 2.803407058040550178e-03 2.670108870349500833e-04
3.246165275573730469e+00 3.343963129253221551e-03 2.732786468361970804e-04
3.246841430664062500e+00 2.695672303718096765e-03 2.670985663420120341e-04
3.247517585754394531e+00 3.230538887009660846e-03 2.638381787288258647e-04
3.248195171356201172e+00 3.308548021924694830e-03 2.632036066329332792e-04
3.248871088027954102e+00 2.793632263077698834e-03 2.662153378325216534e-04
3.249549865722656250e+00 3.029192612561003219e-03 2.747824100054038136e-04
3.250224590301513672e+00 3.109702581690360155e-03 2.591289453784841718e-04
3.250900030136108398e+00 3.028021852001367559e-03 2.687865065705913260e-04
3.251580715179443359e+00 3.530105525556342331e-03 2.626590279586540487e-04
3.252256631851196289e+00 3.546057767822951082e-03 2.625924612482388450e-04
3.252931833267211914e+00 3.497192833734461773e-03 2.595651277203413145e-04
3.253608226776123047e+00 3.021067234704222747e-03 2.758095926802933131e-04
3.254285573959350586e+00 3.203219023029900674e-03 2.725508239506885862e-04
3.254963397979736328e+00 2.464605691009603625e-03 2.649950375149734611e-04
3.255638360977172852e+00 3.029292669448934924e-03 2.656717420175666784e-04
3.256315231323242188e+00 2.961365580531166632e-03 2.631980545933286877e-04
3.256993770599365234e+00 3.163015685633110974e-03 2.700690209274401793e-04
3.257667779922485352e+00 3.427971334608040637e-03 2.777643722310835814e-04
3.258346557617187500e+00 2.813832682497439258e-03 2.737672699657129347e-04
3.259022712707519531e+00 2.624021650319147310e-03 2.503746010732847715e-04
3.259697198867797852e+00 2.221620861162531147e-03 2.460579449554617989e-04
3.260378360748291016e+00 2.819192631109435423e-03 2.638457104884716232e-04
3.261052846908569336e+00 2.580511367253243617e-03 2.643456580457575643e-04
3.261728048324584961e+00 3.240435682688310674e-03 2.492455623572613333e-04
3.262407302856445312e+00 3.527329194774229352e-03 2.640166410856226858e-04
3.263083457946777344e+00 3.403046651776353224e-03 2.737282780751260146e-04
3.264435052871704102e+00 3.182790129479020833e-03 2.747511525910524771e-04
3.265113115310668945e+00 2.386757712048007563e-03 2.664823865355029470e-04
3.265787601470947266e+00 3.039533687865339853e-03 2.617242197055739549e-04
3.266466379165649414e+00 3.277609671292115116e-03 2.701791582438923850e-04
3.267142057418823242e+00 2.923439530233691488e-03 2.623597643786751421e-04
3.267820358276367188e+00 3.102291383859295121e-03 2.664594039193246143e-04
3.268494844436645508e+00 2.852548488833689128e-03 2.735819886655550316e-04
3.269176006317138672e+00 2.921664693343546670e-03 2.777498254651457137e-04
3.269848346710205078e+00 2.964163624521995877e-03 2.728834112062395465e-04
3.270523786544799805e+00 3.015103348082187520e-03 2.591741216655339122e-04
3.271203041076660156e+00 2.611883949617313776e-03 2.640452245062041787e-04
3.271879434585571289e+00 2.863354457618675838e-03 2.733514299522744862e-04
3.272553205490112305e+00 2.911897397400544426e-03 2.707748217045706984e-04
3.273230791091918945e+00 2.726256244335752404e-03 2.531787918205023486e-04
3.273906946182250977e+00 2.645710573389985568e-03 2.655715124345873666e-04
3.274584293365478516e+00 3.090424032697827554e-03 2.622637891185027395e-04
3.275260210037231445e+00 2.735739878922747569e-03 2.618241716963649358e-04
3.275938749313354492e+00 3.266723957710356788e-03 2.646138454037539147e-04
3.276610374450683594e+00 2.918836141689979801e-03 2.667470268627577992e-04
3.277291774749755859e+00 2.726145799647297727e-03 2.566666630430041395e-04
3.277966499328613281e+00 2.802573318698739751e-03 2.645984334615753388e-04
3.278643846511840820e+00 3.088212565956012859e-03 2.698365437586865384e-04
3.279317855834960938e+00 3.217043502968717616e-03 2.722641813409440318e-04
3.279997825622558594e+00 3.208903117449890020e-03 2.639384597876018377e-04
3.280673742294311523e+00 3.118229287989764988e-03 2.773793343038190176e-04
3.281351327896118164e+00 2.727436684597387209e-03 2.692361163968226903e-04
3.282024383544921875e+00 2.678624249253820384e-03 2.680154936883771539e-04
3.282702684402465820e+00 2.724534981748239805e-03 2.689709626342102404e-04
3.283380508422851562e+00 3.456848730343501166e-03 2.692598634789852450e-04
3.284054517745971680e+00 3.012933766686896019e-03 2.585517065504932275e-04
3.284732580184936523e+00 3.168444249403251818e-03 2.734063018495197896e-04
3.285409688949584961e+00 3.088205587285737953e-03 2.702571205762254749e-04
3.286086797714233398e+00 3.547252537604926158e-03 2.791678967384554426e-04
3.286762714385986328e+00 2.921352481042424100e-03 2.698612849374749652e-04
3.287439346313476562e+00 2.875497722124404406e-03 2.576925338297869194e-04
3.288114786148071289e+00 2.979622653013343399e-03 2.629493015159701835e-04
3.288790225982666016e+00 3.589454124226352464e-03 2.730050899364241859e-04
3.289464712142944336e+00 2.831842984278713435e-03 2.560814605246956518e-04
3.290142297744750977e+00 3.154114941728787796e-03 2.577594735945130358e-04
3.290819406509399414e+00 3.021070654924804325e-03 2.588059783991804937e-04
3.291496038436889648e+00 2.789581123392277043e-03 2.539161635807069494e-04
3.292173862457275391e+00 2.872310823495373769e-03 2.732647116480013292e-04
3.292850017547607422e+00 2.825594479964305562e-03 2.698770225158272202e-04
3.293524026870727539e+00 3.070314834833312492e-03 2.698066294399009018e-04
3.294203519821166992e+00 2.973057593517239566e-03 2.781112131514708059e-04
3.294878244400024414e+00 3.352378178158305858e-03 2.673038614604921728e-04
3.295556306838989258e+00 3.581786072659871173e-03 2.678546307247261777e-04
3.296231269836425781e+00 3.053971511081740673e-03 2.675808039956550010e-04
3.296906709671020508e+00 2.950608699111588462e-03 2.644660270296302551e-04
3.297582864761352539e+00 3.082821135287590938e-03 2.632208088620950777e-04
3.298258543014526367e+00 2.642954144632064881e-03 2.663848072655339771e-04
3.298938035964965820e+00 2.980590955576202343e-03 3.157105761675372082e-04
3.299613475799560547e+00 2.706626119310352567e-03 2.488430405134559823e-04
3.300289392471313477e+00 3.031123489443381374e-03 2.635129710701129726e-04
3.300965070724487305e+00 2.954863065684403510e-03 2.715060044419557268e-04
3.301642894744873047e+00 3.112275493746687050e-03 2.787121656219986162e-04
3.302317619323730469e+00 2.885124172519678426e-03 2.594434073151758260e-04
3.302993059158325195e+00 2.639660888590677872e-03 2.665439390007507433e-04
3.303670167922973633e+00 3.061176159268579316e-03 2.555510678017370099e-04
3.304346799850463867e+00 3.117308493745106057e-03 2.585127052398950411e-04
3.305019855499267578e+00 3.165527248403461006e-03 2.602092398098069560e-04
3.305699825286865234e+00 3.119562892928758480e-03 2.672163522416973690e-04
3.306376218795776367e+00 2.859836704998950860e-03 2.624972136252573941e-04
3.307053804397583008e+00 2.931839106392823691e-03 2.628906836160211573e-04
3.307743787765502930e+00 2.639342649288765365e-03 2.538509422042546301e-04
3.308404207229614258e+00 2.405597677941825278e-03 2.598678442477508617e-04
3.309079885482788086e+00 2.607763938483446692e-03 2.571177375506528335e-04
3.309756994247436523e+00 2.629031895190158969e-03 2.687408153656909316e-04
3.310435056686401367e+00 2.739245221920291132e-03 2.605680359667934842e-04
3.311110496520996094e+00 2.965831099041908725e-03 2.558347006426039700e-04
3.311788320541381836e+00 3.130158883383365228e-03 2.662445703836742732e-04
3.312459945678710938e+00 3.008351751031308145e-03 2.688658816630988871e-04
3.313136339187622070e+00 2.927053674462884187e-03 2.706744050336711981e-04
3.313812255859375000e+00 2.502872230993603755e-03 2.647560222501842771e-04
3.314489603042602539e+00 3.346960960920418275e-03 2.704672443983162930e-04
3.315168619155883789e+00 2.595864252357282017e-03 2.555709946733797345e-04
3.315841674804687500e+00 2.855299646151444794e-03 2.690513835377764855e-04
3.316518068313598633e+00 3.405737156913854567e-03 2.655281932489117827e-04
3.317196846008300781e+00 2.897002387513213876e-03 2.674948917561837725e-04
3.317872524261474609e+00 2.914235181855565158e-03 2.723988822620534837e-04
3.318549633026123047e+00 2.743744295672690542e-03 2.559037306824941439e-04
3.319225072860717773e+00 3.349283232069874376e-03 2.707755356706888585e-04
3.319902658462524414e+00 3.050355191524917707e-03 2.824057712414080896e-04
3.320577621459960938e+00 3.000010147331295604e-03 2.629680677152376397e-04
3.321253776550292969e+00 2.624605594003249706e-03 2.702640672745805863e-04
3.321931123733520508e+00 3.170695959796427949e-03 2.572754854058222052e-04
3.323283433914184570e+00 3.536314770751906780e-03 2.612072943654258146e-04
3.323958635330200195e+00 2.853048201375565918e-03 2.558456738757391600e-04
3.324634790420532227e+00 2.817540099920708314e-03 2.568433717808906672e-04
3.325311422348022461e+00 2.890877830255753934e-03 2.690502397653892993e-04
3.325988292694091797e+00 2.797264147739894798e-03 2.675869624235040060e-04
3.326663970947265625e+00 2.833339667452501945e-03 2.678880100179817044e-04
3.328018665313720703e+00 2.947746364352479831e-03 2.588177985232642205e-04
3.328689813613891602e+00 2.850904180584642317e-03 2.521655862469688258e-04
3.329366683959960938e+00 2.684145361991496868e-03 2.662859565764654477e-04
3.330044269561767578e+00 2.881810816785412149e-03 2.566104288844386493e-04
3.330718278884887695e+00 2.580411925492668516e-03 2.652567029738657598e-04
3.331396102905273438e+00 2.621930969326379760e-03 2.650816858443318666e-04
3.332070827484130859e+00 3.283769609997925620e-03 2.663079133761623793e-04
3.332747459411621094e+00 3.475186776168482251e-03 2.648733605871868963e-04
3.333423376083374023e+00 2.607993253004748518e-03 2.583089518432926690e-04
3.334099292755126953e+00 2.887167177995369691e-03 2.508224862661309227e-04
3.334775924682617188e+00 2.813148102823384480e-03 2.624959881206988840e-04
3.335453748703002930e+00 3.186905870354564321e-03 2.651934328474502586e-04
3.336127996444702148e+00 3.151624629442021947e-03 2.544292541660057600e-04
3.336804151535034180e+00 2.778283159763589825e-03 2.676472693239380775e-04
3.337479591369628906e+00 2.761858845306830890e-03 2.705186337907368802e-04
3.338155746459960938e+00 2.855904042846469249e-03 2.922201346112227125e-04
3.338831901550292969e+00 2.840135838361977205e-03 2.752976075493518415e-04
3.339507579803466797e+00 2.596572240685047963e-03 2.684941641675995258e-04
3.340185403823852539e+00 3.077644672835220738e-03 2.723586824397830120e-04
3.340860843658447266e+00 2.984255188811711819e-03 2.720947956768940694e-04
3.341535329818725586e+00 3.109330327021552192e-03 2.562005401510229698e-04
3.342212677001953125e+00 3.542462229187553612e-03 2.631537557951060986e-04
3.342889308929443359e+00 2.767593897850019209e-03 2.792174104403575977e-04
3.343564271926879883e+00 3.050508286538603994e-03 2.699586418718728114e-04
3.344238758087158203e+00 3.221901905161613736e-03 2.605582311325812086e-04
3.344916582107543945e+00 2.939913816686590912e-03 2.704055288291489119e-04
3.345589399337768555e+00 3.484855937620746913e-03 2.680952023580593325e-04
3.346268653869628906e+00 2.677935241001726599e-03 2.657338146210138047e-04
3.346942901611328125e+00 2.751647544248731446e-03 2.627711653409803500e-04
3.347619295120239258e+00 3.067222724906857722e-03 2.595802171642317790e-04
3.348294496536254883e+00 3.101464009741262007e-03 2.748425266719774283e-04
3.348972558975219727e+00 2.907144006516037237e-03 2.633559463871442720e-04
3.349648714065551758e+00 2.800838846565339903e-03 2.578960119233970286e-04
3.350324630737304688e+00 3.096224035326827686e-03 2.584216786013957771e-04
3.351001024246215820e+00 3.376538993419081480e-03 2.758227282714127422e-04
3.351675271987915039e+00 2.702920028102121907e-03 2.619554230153060739e-04
3.352350711822509766e+00 2.862109386722719220e-03 2.603835080711451502e-04
3.353026628494262695e+00 3.112493977391420866e-03 2.634969046734991446e-04
3.353704690933227539e+00 2.847640136952323854e-03 2.665651267320063114e-04
3.354376792907714844e+00 2.741828959297748416e-03 2.622510684956665160e-04
3.355057001113891602e+00 3.417340448029091739e-03 2.807174905146647909e-04
3.355733633041381836e+00 2.328372666385270309e-03 2.565008772402129259e-04
3.356408834457397461e+00 2.799107265565225090e-03 2.646775954522928337e-04
3.357083797454833984e+00 3.290625885189776660e-03 2.724931547939924651e-04
3.357760190963745117e+00 3.159133436909608052e-03 2.570405453192859215e-04
3.358433723449707031e+00 2.840304091490559145e-03 2.736376873873525733e-04
3.359109163284301758e+00 3.270426369441776972e-03 2.660596958828195433e-04
3.359785795211791992e+00 3.369463232693836047e-03 2.692994028593064318e-04
3.360462188720703125e+00 2.786676296325963850e-03 2.656250280811623060e-04
3.361137390136718750e+00 2.966553469700007866e-03 2.592492083100156916e-04
3.361813545227050781e+00 3.006576006876893106e-03 2.666680749317114048e-04
3.362489223480224609e+00 3.080041989130375205e-03 2.706113948471434538e-04
3.363164663314819336e+00 2.756302504429080074e-03 2.762463873220228272e-04
3.363843202590942383e+00 2.616705135854774465e-03 2.522972177083796039e-04
3.364518404006958008e+00 2.615161306393477391e-03 2.733147793158149843e-04
3.365194320678710938e+00 3.362688360348932513e-03 2.630890556801058588e-04
3.366544723510742188e+00 2.929828067376925426e-03 2.612612188249604757e-04
3.367219924926757812e+00 2.700249033362352429e-03 2.688709844384353843e-04
3.367897272109985352e+00 2.924812573564441760e-03 2.605656248976936321e-04
3.368571519851684570e+00 3.517152024275664330e-03 2.718993090528091486e-04
3.369249582290649414e+00 3.211795158609974474e-03 2.649681768850634827e-04
3.369924068450927734e+00 3.280360914003941503e-03 2.597169310851385189e-04
3.370601177215576172e+00 2.623346760541566281e-03 2.607005153237398377e-04
3.371277093887329102e+00 2.561866177934048888e-03 2.761718873123697069e-04
3.371951341629028320e+00 3.132710290076727751e-03 2.674235612200385722e-04
3.373302459716796875e+00 2.687541783396496867e-03 2.511712077661687015e-04
3.373980045318603516e+00 2.601218917044325219e-03 2.539839599286736562e-04
3.375330448150634766e+00 3.341589109778688154e-03 2.575622923618011350e-04
3.376007318496704102e+00 2.561769876020076990e-03 2.686755646180308895e-04
3.376680612564086914e+00 2.754474038955174835e-03 2.720254387801318693e-04
3.377356290817260742e+00 2.747093216815807860e-03 2.715889265340876960e-04
3.378035068511962891e+00 3.083343754444263247e-03 2.745505748089372431e-04
3.378711700439453125e+00 3.226319759963769060e-03 2.541779768656474712e-04
3.379384517669677734e+00 2.939281535036363056e-03 2.682208644835945219e-04
3.380062341690063477e+00 2.617023536994680065e-03 2.741452411225166999e-04
3.380736589431762695e+00 2.581763680839387412e-03 2.692684731939731790e-04
3.381413698196411133e+00 3.055059632618084380e-03 2.658809524153267489e-04
3.382088184356689453e+00 2.816562970994273586e-03 2.716037752740945235e-04
3.382763624191284180e+00 2.846495011918888721e-03 2.724401256525106813e-04
3.383440017700195312e+00 3.434604448835317826e-03 2.711309465146353472e-04
3.384115219116210938e+00 3.046641353692871104e-03 2.621838182092119519e-04
3.385464668273925781e+00 3.035529206708389473e-03 2.727996955746534867e-04
3.386141061782836914e+00 2.883300390833504982e-03 2.636171224923504171e-04
3.386817216873168945e+00 2.905197494534687494e-03 2.680979348604719311e-04
3.387494087219238281e+00 3.701580374101906025e-03 2.630777996512901869e-04
3.388168811798095703e+00 3.005448430071053830e-03 2.681388843933804286e-04
3.388843297958374023e+00 2.991241117324238818e-03 2.620954107366952560e-04
3.389520168304443359e+00 2.289473839755796353e-03 2.778989192500325406e-04
3.390194416046142578e+00 3.043016282736708995e-03 2.620953413194630397e-04
3.390870809555053711e+00 2.889611086251801537e-03 2.600678432442086736e-04
3.391546249389648438e+00 2.801102465752402550e-03 2.651821414787431459e-04
3.392220497131347656e+00 3.269394377867084096e-03 2.719849779327974753e-04
3.392897605895996094e+00 2.445922141324622691e-03 2.742621435087427557e-04
3.393573760986328125e+00 3.134763581636181105e-03 2.584077455915455290e-04
3.394250869750976562e+00 2.540900627991381569e-03 2.610836473719830133e-04
3.394924402236938477e+00 3.241164946678695875e-03 2.788495726197021563e-04
3.395601034164428711e+00 3.326778395474736579e-03 2.824358458571109591e-04
3.396276950836181641e+00 3.028086536104980867e-03 2.741781612184543068e-04
3.396951913833618164e+00 2.822094888199348089e-03 2.729195894293358999e-04
3.397625923156738281e+00 2.868608961043204574e-03 2.804812572858904145e-04
3.398303270339965820e+00 3.235438849699106417e-03 2.709130496771473373e-04
3.398980379104614258e+00 3.143158870673453537e-03 2.750597825349797645e-04
3.399654150009155273e+00 3.219912443673848216e-03 2.646513478092731063e-04
3.400329589843750000e+00 2.967042239487556986e-03 2.698104718114250461e-04
3.401005268096923828e+00 2.824006239571061339e-03 2.563420929324467922e-04
3.401680946350097656e+00 2.892678145176636427e-03 2.643691427806010657e-04
3.402356386184692383e+00 2.680349872451933887e-03 2.619445927736142768e-04
3.403030872344970703e+00 2.480996108375392063e-03 2.696940462519493292e-04
3.403706312179565430e+00 3.017476916387644859e-03 2.697117549060809041e-04
3.404383182525634766e+00 3.229834720366687745e-03 2.748576997993474181e-04
3.405055761337280273e+00 2.793903878292257423e-03 2.797309999947574172e-04
3.405734777450561523e+00 2.429762737373307620e-03 2.750778714295484036e-04
3.406409025192260742e+00 2.735933068133465304e-03 2.764476974454393781e-04
3.407083749771118164e+00 3.247918530916160673e-03 2.692748059632786573e-04
3.407760858535766602e+00 3.266969973414236145e-03 2.681462838686458515e-04
3.408432960510253906e+00 3.180285844976247535e-03 2.752740643414793497e-04
3.409108877182006836e+00 2.705822119775419272e-03 2.774811218017612176e-04
3.409787416458129883e+00 3.172945038169989670e-03 2.683477548308722295e-04
3.410460233688354492e+00 2.938725662333272967e-03 2.632598711377459860e-04
3.411135435104370117e+00 2.702646270354555971e-03 2.697601595146695589e-04
3.411812782287597656e+00 3.100281165716999889e-03 2.688626636151273969e-04
3.412488698959350586e+00 3.276843146182664267e-03 2.738428665300025357e-04
3.413162946701049805e+00 3.106988017935791938e-03 2.756163162187174557e-04
3.413838863372802734e+00 3.030530325225933887e-03 2.762427587506444560e-04
3.414514780044555664e+00 3.201042828178264545e-03 2.858481761699362828e-04
3.415189743041992188e+00 2.675436186763988176e-03 2.707643461297425959e-04
3.415866613388061523e+00 2.810922725641375967e-03 2.842682853955121373e-04
3.416537523269653320e+00 2.794615650736772920e-03 2.738423386244451599e-04
3.417217731475830078e+00 2.597521824139732791e-03 2.668773850289614586e-04
3.417891502380371094e+00 3.007526827849468613e-03 2.539598126265046603e-04
3.418566942214965820e+00 2.861452934365216281e-03 2.656209306527863834e-04
3.419241189956665039e+00 2.455416251562763438e-03 2.597481932775417245e-04
3.419917106628417969e+00 2.652054268640604597e-03 2.597175834486300876e-04
3.420592546463012695e+00 2.727637912774905343e-03 2.678370992009146715e-04
3.421268701553344727e+00 3.375060514955624189e-03 2.658628801505387245e-04
3.421944141387939453e+00 2.619344144076967383e-03 2.725155858154849095e-04
3.422619104385375977e+00 3.449659543599298273e-03 2.552175845475312759e-04
3.423295736312866211e+00 2.769072247883180155e-03 2.557541786738286261e-04
3.423972129821777344e+00 3.105344435523437092e-03 2.682760302967361122e-04
3.424643993377685547e+00 3.023790535235530968e-03 2.713811254155223235e-04
3.425322055816650391e+00 3.011518538708815758e-03 2.671125964294525520e-04
3.425995111465454102e+00 3.100895887505335062e-03 2.578402775470908987e-04
3.426672935485839844e+00 2.654843983767825061e-03 2.671870194104466133e-04
3.427346944808959961e+00 2.677102731479515194e-03 2.701654915273900780e-04
3.428024053573608398e+00 3.035027792844571717e-03 2.602646133698893445e-04
3.428697109222412109e+00 3.590953463668255293e-03 2.730151280226553981e-04
3.429373741149902344e+00 3.435406128296317370e-03 2.845960536443682687e-04
3.430051088333129883e+00 3.235786832666919834e-03 2.662754922435354912e-04
3.430725574493408203e+00 3.206244551095316104e-03 2.706627018616883612e-04
3.431397914886474609e+00 2.918841872780621356e-03 2.549370386788080969e-04
3.432073593139648438e+00 2.692473017013136474e-03 2.563794620573847508e-04
3.432750225067138672e+00 2.721696238374963443e-03 2.810309525708417429e-04
3.434100627899169922e+00 3.074206176604589794e-03 2.936928013910577008e-04
3.434774398803710938e+00 3.054287716531852229e-03 2.594914853919955719e-04
3.435451745986938477e+00 3.013734805197162969e-03 2.638563620304358787e-04
3.436125040054321289e+00 2.496539572191116847e-03 2.639591314844527995e-04
3.436800479888916016e+00 3.145810635531343016e-03 2.597354760593146693e-04
3.437477111816406250e+00 2.689886875513183926e-03 2.536261068835871731e-04
3.438152790069580078e+00 2.566255412649846943e-03 2.727981990316260185e-04
3.438826799392700195e+00 3.539258019089257072e-03 2.645167665258990283e-04
3.439503669738769531e+00 3.115031823979426667e-03 2.665751901497441642e-04
3.440177440643310547e+00 2.916742210835404636e-03 2.755632545343212909e-04
3.440853357315063477e+00 2.554313195149658915e-03 2.585502749757757337e-04
3.442206621170043945e+00 3.387016056479585403e-03 2.690904978141240569e-04
3.442879199981689453e+00 2.854015534622944116e-03 2.692910825973823916e-04
3.443553924560546875e+00 3.527705850003773434e-03 2.693569221583423092e-04
3.444228887557983398e+00 2.765319621843992989e-03 2.695465617932755391e-04
3.444904804229736328e+00 3.512828104198542547e-03 2.701903036312264033e-04
3.445580005645751953e+00 3.189722370551441831e-03 2.730426675943397057e-04
3.446258544921875000e+00 3.009875808917189272e-03 2.582169635696636434e-04
3.446932077407836914e+00 3.161316264868878519e-03 2.724482296640426708e-04
3.447605609893798828e+00 2.948451207687346424e-03 2.608195339583300500e-04
3.448279380798339844e+00 3.378632170342744153e-03 2.746371297856347064e-04
3.448952674865722656e+00 2.608296349783623905e-03 2.678848342128132198e-04
3.449633121490478516e+00 3.157026674039159399e-03 2.770533747693871597e-04
3.450305223464965820e+00 3.144296230332637495e-03 2.666429231703553045e-04
3.450979948043823242e+00 3.175484170266648122e-03 2.658265393428935739e-04
3.451656341552734375e+00 3.027540162700514525e-03 2.714832038941305181e-04
3.452331542968750000e+00 3.213520882288299803e-03 2.553078219393443049e-04
3.453006744384765625e+00 3.290785101407423755e-03 2.670963688684966524e-04
3.453680992126464844e+00 2.784379342318981342e-03 2.760012947293116509e-04
3.454357385635375977e+00 2.989654595050020118e-03 2.670071630211094563e-04
3.455031156539916992e+00 2.993736002024422610e-03 2.609292834408194484e-04
3.455706357955932617e+00 2.363500918158620463e-03 2.814234793756120604e-04
3.456382989883422852e+00 2.703485443349102485e-03 2.655058566478104946e-04
3.457056760787963867e+00 2.348244105553587337e-03 2.576953823183298319e-04
3.457733154296875000e+00 3.043110544507975513e-03 3.028463542243089632e-04
3.459084749221801758e+00 2.849466344464615837e-03 2.940796508231707882e-04
3.459759473800659180e+00 2.559942891856515669e-03 2.736804233658952880e-04
3.460432767868041992e+00 2.938121244790646656e-03 2.782117657995834652e-04
3.461107015609741211e+00 3.138545370749284101e-03 2.830703404957682031e-04
3.461783885955810547e+00 2.895082123980480607e-03 2.610083401957595485e-04
3.462458848953247070e+00 3.066285022056994009e-03 2.645933508925363059e-04
3.463131427764892578e+00 2.515032584321577180e-03 2.712112057253830612e-04
3.463807582855224609e+00 3.080622954659981150e-03 2.730779800895639106e-04
3.464481830596923828e+00 3.017536057087251943e-03 2.605455717788146639e-04
3.465157747268676758e+00 3.016169121772126205e-03 2.644789883770319767e-04
3.465833425521850586e+00 2.555032603705383043e-03 2.665770105108050550e-04
3.466507911682128906e+00 3.046679970008634667e-03 2.656630783484247743e-04
3.467182874679565430e+00 3.105416154331426277e-03 2.712399852488837221e-04
3.467859506607055664e+00 2.756120454835648669e-03 2.641417854662514116e-04
3.468534708023071289e+00 2.945278124322969412e-03 2.660018598553299802e-04
3.469210386276245117e+00 2.773236990132515577e-03 2.582155198436399297e-04
3.469882965087890625e+00 3.231398315207378771e-03 2.649265370673801697e-04
3.470556974411010742e+00 2.548554161949995699e-03 2.592642156907549057e-04
3.471230030059814453e+00 2.966492677943562226e-03 2.710005256115668310e-04
3.471907854080200195e+00 3.802722147657855694e-03 2.721873931393905231e-04
3.472583055496215820e+00 3.169505456901736476e-03 2.573460479880853875e-04
3.473258256912231445e+00 3.600927352310409005e-03 2.720977719786476807e-04
3.473931550979614258e+00 2.761708775533479755e-03 2.610900524334571621e-04
3.474607944488525391e+00 2.703710984210514964e-03 2.721753309126909550e-04
3.475282430648803711e+00 3.137263401836111638e-03 2.689786828495112142e-04
3.475957155227661133e+00 2.774709218320721513e-03 2.616538551129172531e-04
3.476633310317993164e+00 3.039769227723533064e-03 2.642648496994271954e-04
3.477307796478271484e+00 2.711746898529120153e-03 2.700866898909843488e-04
3.477982997894287109e+00 2.853839137191317710e-03 2.648453850606956664e-04
3.478657722473144531e+00 3.038442253239426096e-03 2.672784369076035998e-04
3.479329586029052734e+00 2.989101852933905012e-03 2.716003004681470960e-04
3.480006217956542969e+00 2.762994365611984651e-03 2.729643630341325382e-04
3.480684280395507812e+00 3.071092578308084239e-03 2.768505515673504755e-04
3.481358766555786133e+00 3.236869527524532161e-03 2.760175734955391271e-04
3.482031106948852539e+00 2.939287444264668085e-03 2.690118284356821858e-04
3.482707023620605469e+00 2.830325842355876746e-03 2.733522918867573124e-04
3.483381986618041992e+00 2.964679064527276330e-03 2.622654567645095946e-04
3.484056472778320312e+00 3.005205190131973042e-03 2.716271768737608429e-04
3.484730720520019531e+00 2.864611813945150843e-03 2.794871627924996708e-04
3.485406160354614258e+00 3.212011600805443883e-03 2.738008335941236743e-04
3.486080646514892578e+00 3.239513254536298143e-03 2.678443157694921435e-04
3.486755609512329102e+00 2.265579181496813876e-03 2.716850453326197907e-04
3.487431526184082031e+00 2.799653525467911842e-03 2.650495723097415386e-04
3.488104343414306641e+00 3.117621066400990716e-03 2.581894176125542153e-04
3.488782167434692383e+00 3.311953285356656999e-03 2.689732763054315931e-04
3.489454984664916992e+00 3.247835097965644843e-03 2.734899907461222648e-04
3.490129232406616211e+00 3.224579375067891662e-03 2.779814630861935851e-04
3.490806102752685547e+00 3.251625793410173673e-03 2.786871891065187032e-04
3.491480350494384766e+00 2.815690649972108720e-03 2.763750098412758884e-04
3.492153406143188477e+00 2.973195823498747583e-03 2.739043920948810301e-04
3.492829561233520508e+00 3.067683751078581142e-03 2.551696100807546554e-04
3.493503332138061523e+00 2.443580546869590728e-03 2.643194489067230476e-04
3.494179725646972656e+00 2.727849595765031564e-03 2.785533653873625793e-04
3.495528697967529297e+00 2.580549333058069963e-03 2.653588357505864558e-04
3.496205329895019531e+00 2.864331038663434775e-03 2.624646995733689197e-04
3.496879339218139648e+00 2.476093039518868603e-03 2.655634864737529553e-04
3.497552871704101562e+00 2.721678559871682380e-03 2.684006000956341734e-04
3.498900651931762695e+00 2.925665309377378353e-03 2.538647714920213303e-04
3.499575376510620117e+00 3.301274560725438612e-03 2.633769461328933927e-04
3.500252485275268555e+00 2.975073483723500879e-03 2.734693150196892421e-04
3.500926971435546875e+00 2.946760327952620013e-03 2.631772158252370947e-04
3.501600980758666992e+00 2.793689670908349083e-03 2.653714131373595322e-04
3.502274274826049805e+00 2.909218802516357061e-03 2.768506760570843724e-04
3.502950906753540039e+00 2.971664860426337981e-03 2.713480282391468384e-04
3.504296779632568359e+00 3.088889039382790042e-03 2.695631086811627638e-04
3.504973411560058594e+00 3.189051838665806979e-03 2.763522910525587897e-04
3.505645036697387695e+00 3.190757611369167326e-03 2.680401233046867619e-04
3.506323814392089844e+00 2.498655959143674006e-03 2.666118070912299885e-04
3.506997823715209961e+00 2.818128394062203047e-03 2.688155128529254854e-04
3.507674932479858398e+00 3.079171707383537068e-03 2.742752711692981560e-04
3.508344888687133789e+00 3.104217077424367959e-03 2.769988397382892463e-04
3.509020328521728516e+00 3.241669845971270007e-03 2.715948974128807713e-04
3.509693384170532227e+00 2.830461892255173219e-03 2.649527817400975619e-04
3.510372638702392578e+00 3.377733571411307544e-03 2.764981329770969660e-04
3.511044502258300781e+00 2.992631355547558346e-03 2.785358119133815808e-04
3.511719942092895508e+00 3.041074495581099976e-03 2.747592787754144449e-04
3.512394666671752930e+00 3.236382428028683998e-03 2.791863165792473614e-04
3.513071060180664062e+00 2.658597980778264983e-03 2.616928601828184212e-04
3.513744831085205078e+00 2.946755562979359432e-03 2.767062368237016979e-04
3.514418601989746094e+00 2.972046514431798698e-03 2.637664434007469137e-04
3.515093088150024414e+00 2.996146028764267322e-03 2.757782472753360185e-04
3.515769004821777344e+00 3.068249219277872225e-03 2.765565277931208532e-04
3.516440868377685547e+00 3.402429419691655344e-03 2.682693450669964229e-04
3.517118215560913086e+00 2.975999977339084668e-03 2.789355341919177089e-04
3.517791748046875000e+00 2.873499293572649542e-03 2.747883043762683699e-04
3.518467903137207031e+00 2.776368072807231576e-03 2.543737429102202788e-04
3.519141197204589844e+00 2.998695124148376481e-03 2.717456773695114416e-04
3.519813537597656250e+00 3.498738165192852387e-03 2.750416821262818487e-04
3.520489215850830078e+00 2.827889297491949141e-03 2.719241673471388529e-04
3.521165847778320312e+00 3.197520465704005443e-03 2.781557611347972611e-04
3.521839380264282227e+00 2.814029632972529435e-03 2.757891439589541037e-04
3.522517204284667969e+00 2.460902505873868891e-03 2.714966960322715635e-04
3.523187398910522461e+00 3.161247189779755121e-03 2.653230784307591549e-04
3.523860692977905273e+00 2.842607804243909349e-03 2.745815543929600662e-04
3.524536371231079102e+00 2.550667431065311002e-03 2.686225111140081497e-04
3.525213241577148438e+00 2.847947327646251255e-03 2.721908835698641461e-04
3.525883436203002930e+00 2.975361007019188334e-03 2.690266000522874355e-04
3.526560783386230469e+00 3.067766959461017563e-03 2.640404168532614355e-04
3.527235746383666992e+00 2.780285734568960741e-03 2.747505433211320462e-04
3.527906417846679688e+00 2.877861770909978002e-03 2.564637234785547486e-04
3.528584003448486328e+00 3.554881146830746533e-03 2.809612528838509944e-04
3.529258728027343750e+00 3.661894859036459327e-03 2.843758527582457589e-04
3.529931545257568359e+00 2.969186005943843902e-03 2.710297905932660886e-04
3.530605316162109375e+00 3.256352298943463851e-03 2.711199396229497637e-04
3.531281232833862305e+00 3.316160755746873790e-03 2.725354738737550877e-04
3.531955480575561523e+00 3.178143068433804223e-03 2.813616359562467486e-04
3.532630205154418945e+00 3.357012727246984352e-03 2.673887184850616701e-04
3.533303499221801758e+00 3.338014121245055487e-03 2.698630353466152979e-04
3.533982038497924805e+00 3.639276702894151620e-03 2.726559007602576265e-04
3.534654378890991211e+00 2.678937725599827343e-03 2.727754898787019514e-04
3.536003828048706055e+00 2.795335334549235023e-03 2.692909815520729022e-04
3.536678314208984375e+00 3.062610744565989491e-03 2.773915939480472537e-04
3.537354230880737305e+00 3.267691736216137184e-03 2.803041664257248638e-04
3.538025140762329102e+00 3.052280419116626484e-03 2.697835028990219070e-04
3.538702011108398438e+00 2.993464074535420738e-03 2.738825779451224012e-04
3.539377212524414062e+00 3.172583904232630266e-03 2.739876995096291530e-04
3.540052175521850586e+00 3.149939026143318884e-03 2.622560811358571925e-04
3.540723800659179688e+00 2.640015120002209455e-03 2.598735995658670440e-04
3.541398048400878906e+00 2.849167994750228475e-03 2.765085077009789304e-04
3.542075157165527344e+00 2.507480780445563509e-03 2.575608863306022762e-04
3.542746305465698242e+00 2.968859044071119058e-03 2.746875091407269417e-04
3.543422222137451172e+00 3.064806786479645512e-03 2.625873113516832575e-04
3.544095039367675781e+00 2.962174071464077421e-03 2.694872660678409399e-04
3.544770002365112305e+00 2.943374829507854670e-03 2.650073596720375338e-04
3.545443058013916016e+00 3.410537062598085947e-03 2.790990625871544724e-04
3.546119451522827148e+00 3.385671694800714178e-03 2.813861571121029016e-04
3.546792984008789062e+00 2.565492635396890431e-03 2.790361132761514013e-04
3.547468423843383789e+00 3.263031789374841972e-03 2.790374129673295952e-04
3.548139810562133789e+00 3.219585406762701281e-03 2.635475033153657199e-04
3.548814773559570312e+00 2.416143281395198746e-03 2.718142402936168695e-04
3.549490690231323242e+00 3.401332279627863799e-03 2.733311613205331335e-04
3.550164222717285156e+00 3.112634048893569722e-03 2.748440081003109491e-04
3.550839185714721680e+00 2.687554890128450533e-03 2.643401678938828853e-04
3.551513433456420898e+00 3.200801942886500728e-03 2.795330987221620049e-04
3.552187204360961914e+00 2.975808134260779936e-03 2.724145945499766453e-04
3.552861690521240234e+00 3.063379451054152117e-03 2.609787146474452598e-04
3.553534269332885742e+00 2.600711690434640792e-03 2.674400564762424931e-04
3.554209947586059570e+00 2.555056114471299621e-03 2.750562469653677292e-04
3.555558681488037109e+00 3.198185682314380433e-03 2.727514777115045818e-04
3.556233644485473633e+00 2.902742291533893636e-03 2.757797665658787297e-04
3.556906938552856445e+00 2.905891974628855342e-03 2.773909517638659334e-04
3.557581663131713867e+00 3.136919359312482711e-03 2.697235345223365278e-04
3.558256149291992188e+00 2.764298983730031131e-03 2.763842763052378739e-04
3.558930158615112305e+00 2.522476831888764530e-03 2.759740474745590714e-04
3.559603691101074219e+00 2.800720014659569598e-03 2.619594481322449391e-04
3.560277223587036133e+00 2.762721461706995219e-03 2.554854290420792732e-04
3.560950279235839844e+00 2.732073588673502966e-03 2.714743569287202596e-04
3.561625957489013672e+00 2.421502223584195718e-03 2.644480078642849337e-04
3.562302350997924805e+00 2.849065253078114472e-03 2.844163831814156430e-04
3.562973976135253906e+00 3.212234931469454095e-03 2.774327419045377868e-04
3.563648939132690430e+00 2.730230050709287620e-03 2.710013736588850184e-04
3.564321756362915039e+00 3.257554125615887228e-03 2.753818056903174121e-04
3.564998149871826172e+00 3.374666578893045603e-03 2.901806963176695566e-04
3.565669775009155273e+00 2.771844397727736033e-03 2.608439157643623139e-04
3.566346645355224609e+00 3.021181350170509729e-03 2.715896530257202275e-04
3.567019224166870117e+00 3.154823036080927484e-03 2.796055797316738438e-04
3.567692756652832031e+00 3.001600904193167055e-03 2.862159589049456101e-04
3.568367242813110352e+00 2.500301335575905518e-03 2.789013432983606234e-04
3.569041490554809570e+00 2.564297549719791493e-03 2.684601118687877127e-04
3.569715976715087891e+00 3.021525723664186466e-03 2.757898662429989606e-04
3.570389032363891602e+00 2.380190609606225218e-03 2.653270534332855630e-04
3.571063280105590820e+00 3.031129912967707972e-03 2.832779500704127686e-04
3.571735382080078125e+00 2.869127712032647215e-03 2.820945696745413584e-04
3.572412967681884766e+00 2.375089610514902888e-03 2.773543314883630730e-04
3.573086738586425781e+00 2.771894279285128885e-03 2.711465456135550372e-04
3.573761224746704102e+00 3.304233038206184914e-03 2.722059480210653232e-04
3.574433803558349609e+00 3.664302106307384694e-03 2.833231964472413792e-04
3.575109004974365234e+00 3.363301188202362946e-03 2.800538303560077993e-04
3.575783729553222656e+00 2.797081541687976031e-03 2.807185540465671476e-04
3.576457023620605469e+00 2.940718393259885311e-03 2.850180192012355461e-04
3.577131509780883789e+00 2.978589709928544139e-03 2.805451528239503176e-04
3.577805042266845703e+00 2.783081551443020336e-03 2.782003192714739364e-04
3.578478574752807617e+00 2.750855283279721696e-03 2.775046517561239288e-04
3.579155206680297852e+00 3.277355771607530499e-03 2.796889741405422618e-04
3.579826116561889648e+00 2.370996623521674611e-03 2.590425923456316014e-04
3.580500602722167969e+00 2.714439697449502146e-03 2.700420456745019010e-04
3.581175088882446289e+00 3.597310267523467619e-03 2.807585948974753408e-04
3.581849575042724609e+00 3.194695323787064434e-03 2.830274483871903727e-04
3.582521677017211914e+00 3.291058732074448722e-03 2.867441676169886120e-04
3.583200216293334961e+00 2.959360460861178502e-03 2.557820760879180554e-04
3.583872079849243164e+00 3.132636905121282886e-03 2.612990724849980316e-04
3.584544420242309570e+00 2.549669496544580260e-03 2.704278884982434079e-04
3.585221052169799805e+00 2.665934247743323264e-03 2.893944837856813842e-04
3.585892915725708008e+00 3.060997854024515800e-03 2.831340115892362879e-04
3.586566925048828125e+00 2.709878884638633380e-03 2.749330431200350407e-04
3.587239265441894531e+00 2.582043159651523784e-03 2.667376427966156494e-04
3.587914943695068359e+00 2.934970024810307741e-03 2.824396566207389527e-04
3.588588476181030273e+00 3.195710748357635019e-03 2.756501475166556344e-04
3.589263200759887695e+00 3.122978017532055013e-03 2.882832573715505219e-04
3.589935779571533203e+00 2.899418894754420255e-03 2.801925605148123158e-04
3.590612173080444336e+00 3.154451917485003292e-03 2.763104378611829556e-04
3.591283798217773438e+00 2.673585836036704733e-03 2.800747570169157897e-04
3.591959953308105469e+00 2.632722953416414061e-03 2.796084816663712137e-04
3.592632055282592773e+00 2.406829870217450703e-03 2.791905827072310069e-04
3.593306064605712891e+00 3.269220063801232725e-03 2.716055805765585753e-04
3.593980073928833008e+00 2.785419653603827227e-03 2.722165422599157189e-04
3.594653367996215820e+00 2.455328675523372160e-03 2.640406388894612458e-04
3.595325231552124023e+00 2.928076600313668076e-03 2.698791401665253005e-04
3.596001863479614258e+00 2.497850719545113406e-03 2.799314188619706346e-04
3.596676826477050781e+00 2.914976433318968493e-03 2.787285637123998439e-04
3.597349643707275391e+00 2.794337699440529402e-03 2.686042267352424301e-04
3.598022699356079102e+00 2.940143878092744446e-03 2.776910297853329946e-04
3.598696708679199219e+00 3.000547037215730607e-03 2.797430131424332627e-04
3.599369287490844727e+00 2.963918201861896404e-03 2.775375757705734808e-04
3.600046873092651367e+00 3.096376882434487970e-03 2.739146331784035279e-04
3.600720167160034180e+00 3.006047911740571902e-03 2.736351914809559199e-04
3.601394891738891602e+00 2.296319611968840411e-03 2.771219519310844873e-04
3.602066993713378906e+00 2.450489708016585170e-03 2.719033660721092462e-04
3.602741718292236328e+00 3.192295486070370961e-03 2.873587204210114026e-04
3.603414773941040039e+00 2.837720982036674375e-03 2.698292785331103888e-04
3.604089498519897461e+00 3.316783530704704372e-03 2.686126051301324677e-04
3.604760885238647461e+00 2.970007133723140402e-03 2.725640567096357272e-04
3.605436325073242188e+00 3.459952869702156725e-03 2.598450084612772279e-04
3.606781721115112305e+00 3.411206888154381597e-03 2.833952413665653857e-04
3.607458829879760742e+00 3.022631731061400668e-03 2.700290249694055301e-04
3.608132600784301758e+00 2.505090907033622871e-03 2.756970178818026330e-04
3.608802080154418945e+00 3.209807987673729979e-03 2.819529634468711924e-04
3.609477758407592773e+00 3.340208232348626342e-03 2.775565843545226528e-04
3.610823869705200195e+00 2.564444883041718231e-03 2.770367330824953511e-04
3.611500501632690430e+00 3.242070113302590074e-03 2.817260187968802232e-04
3.612175464630126953e+00 2.359766576452380742e-03 2.792055867440725796e-04
3.612846851348876953e+00 2.775648218641448613e-03 2.793432799423914100e-04
3.613521337509155273e+00 3.194888933765283739e-03 2.778296466940850004e-04
3.614196538925170898e+00 2.823310556262019835e-03 2.714279477311551934e-04
3.614869832992553711e+00 2.969506130859253350e-03 2.765874982018201437e-04
3.615540742874145508e+00 2.631144230858554686e-03 2.768174400330842460e-04
3.616215705871582031e+00 2.685454011716406804e-03 2.827990674289194094e-04
3.616890430450439453e+00 3.184934867701440155e-03 2.785021321108344496e-04
3.617564439773559570e+00 3.218404681745420329e-03 2.708228131776368162e-04
3.618238210678100586e+00 3.430596847469802400e-03 2.693474691231500704e-04
3.618915081024169922e+00 3.161884259639267340e-03 2.744883289847307116e-04
3.619582653045654297e+00 2.781490592783052423e-03 2.670117693066212231e-04
3.620255947113037109e+00 2.506461496723753034e-03 2.806626341634999152e-04
3.620934247970581055e+00 2.757175676994806299e-03 2.764876195540656679e-04
3.621605634689331055e+00 2.756840756385408719e-03 2.724731239688823786e-04
3.622279405593872070e+00 3.057557702480646379e-03 2.772948364419504028e-04
3.622954607009887695e+00 2.423738110851923495e-03 2.651540863096149211e-04
3.623625516891479492e+00 2.800145487917116843e-03 2.867625212168356183e-04
3.624301195144653320e+00 2.655705137189866196e-03 2.804119504762377503e-04
3.624973773956298828e+00 2.789783864531548453e-03 2.766933645974906553e-04
3.625644445419311523e+00 3.280217720712987322e-03 2.897978513580842948e-04
3.626320362091064453e+00 2.578044191571162835e-03 2.720324824313470006e-04
3.626992464065551758e+00 3.225377134727182727e-03 2.736312085999612889e-04
3.627668142318725586e+00 3.280749574908246348e-03 2.854782049116073015e-04
3.628340005874633789e+00 2.716592916147291155e-03 2.858388543895173158e-04
3.629014730453491211e+00 2.984038506866895299e-03 2.795209529298336819e-04
3.629688978195190430e+00 2.825009371738260253e-03 2.873135808095118458e-04
3.630360364913940430e+00 2.601186863530995097e-03 2.817787488743475686e-04
3.631036043167114258e+00 3.379207739476849937e-03 2.816230200011879316e-04
3.631711721420288086e+00 2.395325397081196715e-03 2.765944424511457777e-04
3.632384061813354492e+00 3.637836068129520015e-03 2.879995206046333960e-04
3.633057355880737305e+00 2.865436563160058802e-03 2.838427772991451584e-04
3.633732795715332031e+00 2.412234764566245464e-03 2.812738907131180784e-04
3.634402513504028320e+00 2.895229543160932929e-03 2.822026992194215725e-04
3.635075330734252930e+00 2.667273920051372281e-03 2.779938063871625897e-04
3.635749101638793945e+00 3.112218242697484000e-03 2.924229805227658184e-04
3.636425256729125977e+00 3.125605795002910775e-03 3.002303019168003342e-04
3.637097358703613281e+00 2.733566121642862657e-03 2.842123271353744489e-04
3.637770414352416992e+00 3.108411727079200826e-03 2.856873842633426801e-04
3.638442277908325195e+00 2.979749517365885662e-03 2.841486232222288871e-04
3.639791488647460938e+00 2.308976704442190688e-03 2.718030489617289714e-04
3.640466928482055664e+00 2.781152264421316717e-03 2.967032611251131722e-04
3.641137599945068359e+00 3.145179414236023204e-03 2.912982663306783789e-04
3.641811370849609375e+00 2.867092217120763547e-03 2.797273548301492177e-04
3.642483711242675781e+00 2.829825730559691523e-03 2.802244012089612690e-04
3.643157005310058594e+00 2.941610175283327668e-03 2.892825632500904210e-04
3.643832683563232422e+00 3.344034437139880786e-03 2.781967549856481409e-04
3.645177364349365234e+00 2.852042605408335822e-03 2.844748388390856502e-04
3.646528005599975586e+00 3.393110539995752937e-03 2.892178444588099323e-04
3.647871732711791992e+00 3.131134013247988037e-03 2.807861702145385816e-04
3.648544311523437500e+00 2.773478834042049628e-03 2.847152875269819334e-04
3.649217128753662109e+00 2.470171785456443982e-03 2.774810713751378372e-04
3.649892807006835938e+00 2.900979931614264609e-03 2.821197215239976130e-04
3.650566339492797852e+00 2.894120872765916421e-03 2.715407153077310353e-04
3.651238441467285156e+00 3.088180301833358919e-03 2.789620729188070636e-04
3.651915550231933594e+00 3.063040707425878674e-03 2.865041364403396375e-04
3.652584791183471680e+00 2.760803338086510652e-03 2.725065633866341616e-04
3.653261184692382812e+00 3.051236991466226966e-03 2.769846648492140699e-04
3.653931617736816406e+00 3.083482460723106170e-03 2.866116840148571631e-04
3.654604434967041016e+00 2.750465601681010251e-03 2.801014800038842899e-04
3.655278682708740234e+00 3.115813667196207400e-03 2.833320876158072592e-04
3.655951976776123047e+00 2.784333761508473847e-03 2.849710065834178043e-04
3.656623601913452148e+00 2.854465028805065578e-03 2.879293032789125907e-04
3.657299995422363281e+00 3.011630888569814465e-03 2.823248982097238051e-04
3.657975673675537109e+00 3.371196251326811708e-03 2.845922115731907859e-04
3.659320592880249023e+00 2.788418862659286859e-03 2.707526290187414167e-04
3.659991741180419922e+00 3.228781213765493600e-03 2.928423574334039730e-04
3.660665273666381836e+00 2.491300990973474398e-03 2.807017520760746025e-04
3.661338329315185547e+00 3.053363572943133385e-03 2.901521230893471556e-04
3.662010669708251953e+00 2.606762154411341233e-03 2.876627932024049608e-04
3.662683486938476562e+00 3.328810866144389473e-03 2.820980594894443444e-04
3.663359165191650391e+00 3.030720607350558069e-03 2.803512999432124383e-04
3.664032220840454102e+00 3.202394256043924678e-03 2.885324048127603340e-04
3.664707422256469727e+00 2.664892022464540079e-03 2.742140877445951733e-04
3.665379762649536133e+00 2.600265357793530956e-03 2.698215958354831159e-04
3.666724920272827148e+00 2.770536517920863407e-03 2.818602518505924524e-04
3.667396783828735352e+00 2.819656570921711194e-03 2.865557452033682209e-04
3.668070077896118164e+00 2.955862457663598064e-03 2.793204981416030019e-04
3.668745279312133789e+00 2.965705346172686340e-03 2.775877757555086965e-04
3.669418573379516602e+00 3.023615170531351957e-03 2.801007383215300310e-04
3.670090913772583008e+00 2.457186320528393416e-03 2.771017639246188503e-04
3.670764684677124023e+00 2.876562772786041364e-03 2.865047467166083935e-04
3.671435594558715820e+00 3.138463417347792366e-03 2.902725783723734336e-04
3.672110795974731445e+00 2.916873259500039894e-03 2.849073640032126508e-04
3.672782421112060547e+00 2.838515149788840841e-03 2.843420348641893716e-04
3.673457622528076172e+00 2.536891285817788593e-03 2.813147421413158601e-04
3.674129962921142578e+00 3.023590330178855656e-03 2.890288171314943973e-04
3.674803495407104492e+00 3.164707130651861402e-03 3.004294572690048397e-04
3.675477027893066406e+00 2.685251909859164184e-03 2.728253324790713241e-04
3.676149129867553711e+00 2.318367253403917205e-03 2.859568104956680549e-04
3.676819562911987305e+00 3.054102318406227978e-03 2.818005083693125401e-04
3.677496194839477539e+00 2.884470050751911877e-03 2.903314767334994745e-04
3.678168773651123047e+00 3.107479078357707706e-03 2.741408030384362860e-04
3.680187463760375977e+00 2.799007187422394068e-03 2.906162029240673037e-04
3.680860757827758789e+00 2.528001751792662184e-03 2.943806763818776549e-04
3.681533813476562500e+00 2.802622880801720461e-03 2.873342677345942439e-04
3.682207584381103516e+00 3.229321066654403192e-03 2.810062213847226058e-04
3.682879686355590820e+00 3.138575873201170444e-03 2.849763985075765916e-04
3.683554172515869141e+00 2.716912318346947474e-03 2.846290382825813169e-04
3.684227705001831055e+00 3.011732209562335838e-03 2.920004970684262377e-04
3.684900999069213867e+00 3.636094523761132426e-03 2.818435727842099735e-04
3.685573339462280273e+00 2.773860651555014756e-03 2.805029162556456476e-04
3.686248540878295898e+00 3.171576843117565516e-03 2.898065271225599938e-04
3.686917543411254883e+00 2.630234236641099468e-03 2.831898409418047327e-04
3.687592744827270508e+00 3.244121294653436183e-03 2.750615375372484923e-04
3.688264369964599609e+00 3.107919608088569735e-03 2.919064047846352608e-04
3.688936948776245117e+00 3.043373600525807725e-03 2.883813345464248941e-04
3.689609766006469727e+00 2.619599594091747818e-03 2.740343143179094134e-04
3.690283775329589844e+00 2.926765444505140170e-03 2.790454302754224515e-04
3.690955400466918945e+00 2.816108160664276914e-03 2.830095590820853424e-04
3.691630840301513672e+00 3.093047753810284836e-03 2.746683797528283520e-04
3.692303657531738281e+00 2.846221697363092527e-03 2.938618189735121324e-04
3.692975759506225586e+00 3.020065655243401367e-03 2.784918515256552319e-04
3.693649291992187500e+00 2.639715283542671924e-03 2.958283094764496625e-04
3.694321870803833008e+00 2.502354034754336598e-03 2.840437902656388889e-04
3.694995403289794922e+00 2.821792327897174307e-03 2.607002141026890226e-04
3.695668935775756836e+00 3.066426308043124563e-03 2.807462318938845321e-04
3.696338415145874023e+00 2.856245382650252074e-03 2.894920092372507475e-04
3.697014570236206055e+00 3.230625134579293012e-03 2.956196997799022679e-04
3.697686195373535156e+00 3.006467365772296646e-03 2.951161883739588992e-04
3.698358535766601562e+00 3.000630895017244136e-03 3.045467565725929263e-04
3.699030637741088867e+00 3.039751585771826702e-03 2.889785648105467589e-04
3.699707746505737305e+00 2.734521436622057693e-03 2.937236778731231596e-04
3.700378417968750000e+00 3.067775749958404855e-03 2.845877378411153995e-04
3.701051235198974609e+00 3.259152279750685260e-03 2.852138572652236333e-04
3.701724529266357422e+00 2.638738328079103662e-03 2.897063018733754525e-04
3.703071594238281250e+00 3.611129208241940867e-03 2.851167342436073467e-04
3.703742027282714844e+00 3.251331798913212161e-03 2.896987072255530942e-04
3.704416275024414062e+00 3.319489441706284516e-03 2.973661413652418581e-04
3.705088376998901367e+00 3.314632753327896239e-03 2.893504306501662026e-04
3.705759286880493164e+00 2.647742634955449134e-03 2.918341742997753894e-04
3.706433057785034180e+00 2.930146981939810071e-03 2.956175594146576353e-04
3.707107305526733398e+00 3.164901239574462611e-03 2.797969906653318480e-04
3.707779645919799805e+00 3.387525588933784724e-03 2.883965025912715060e-04
3.708451032638549805e+00 3.613938667198644990e-03 2.924205279631144120e-04
3.709125757217407227e+00 2.918565883632627707e-03 2.934201736490818957e-04
3.709798336029052734e+00 3.203199059367641335e-03 2.892226465088788248e-04
3.710470438003540039e+00 2.624884280034970978e-03 2.932484663301810355e-04
3.711142778396606445e+00 2.723882335450195785e-03 2.647933098648365185e-04
3.711813926696777344e+00 3.305425856363688152e-03 2.814545787359598638e-04
3.712487936019897461e+00 2.913305118205138967e-03 2.883024064726468199e-04
3.713161468505859375e+00 2.839609650174094568e-03 2.832220335912288313e-04
3.713832855224609375e+00 3.181672058798253565e-03 2.976394732684253591e-04
3.714504241943359375e+00 2.876653782893086580e-03 2.730122490419343672e-04
3.715180158615112305e+00 2.292838887040684129e-03 2.734795434377924081e-04
3.715852975845336914e+00 3.378692243622116818e-03 2.915246541066095708e-04
3.716526031494140625e+00 3.106970150248323896e-03 2.990762949240965453e-04
3.717870235443115234e+00 2.839630882825856361e-03 3.018754161138575694e-04
3.823558568954467773e+00 3.201408894582041462e-03 3.024214628593824240e-04
3.824230670928955078e+00 2.790549658717845702e-03 2.960829532380009868e-04
3.824903488159179688e+00 2.886462966415771856e-03 2.995763789947901608e-04
3.825572729110717773e+00 3.255798498075231518e-03 3.059941629156470353e-04
3.826247453689575195e+00 2.418609399528797582e-03 2.847434537108943292e-04
3.826918363571166992e+00 3.216373273463259651e-03 3.097404558408945168e-04
3.827588558197021484e+00 2.582045184226766047e-03 2.972234987104248956e-04
3.828258991241455078e+00 3.264628175042483867e-03 2.978067636303856108e-04
3.828931331634521484e+00 2.158405658953187981e-03 2.842719327272516657e-04
3.829605579376220703e+00 3.164056057861134013e-03 3.027550595661234476e-04
3.830276250839233398e+00 2.516977403258484434e-03 2.748196077378881573e-04
3.830946922302246094e+00 2.485350093395209421e-03 2.980757712257919097e-04
3.831617832183837891e+00 3.524151675930298818e-03 2.982376308650927206e-04
3.832292318344116211e+00 2.751538093940634772e-03 2.982014875265576442e-04
3.832961082458496094e+00 2.468745011637820102e-03 2.931739171369644975e-04
3.833633422851562500e+00 2.296224603686982269e-03 3.007200177139751781e-04
3.834305047988891602e+00 2.982104308764524543e-03 3.070315256879004181e-04
3.834975242614746094e+00 2.748259956611505579e-03 3.051686230395631136e-04
3.835648059844970703e+00 3.078074602392605937e-03 2.985747435966586583e-04
3.836321830749511719e+00 2.801973419089041385e-03 2.989549568530868741e-04
3.836991071701049805e+00 2.856096990680089855e-03 2.985471674179409197e-04
3.837664365768432617e+00 2.670507651315785509e-03 3.051607191897580526e-04
3.838331460952758789e+00 2.377503328483392391e-03 3.022914719803724789e-04
3.839004278182983398e+00 2.824099711567219697e-03 3.015675918139457037e-04
3.839677095413208008e+00 2.941711520871343952e-03 3.067270613975519385e-04
3.840347766876220703e+00 2.266689668091517122e-03 2.967270147752807644e-04
3.841020584106445312e+00 3.339866043818536401e-03 2.876723709574300226e-04
3.841691493988037109e+00 2.688605303956666855e-03 3.042988823381764189e-04
3.842363834381103516e+00 2.810995022018805776e-03 2.993762868983417414e-04
3.843035697937011719e+00 2.960719316481776660e-03 2.971811873541405969e-04
3.843704938888549805e+00 2.730757481375226895e-03 3.005243932196436252e-04
3.844378709793090820e+00 2.822953077450125747e-03 2.982666001775925680e-04
3.845051050186157227e+00 3.430579121026563344e-03 2.972440045888405944e-04
3.845722675323486328e+00 2.693039015671757665e-03 3.008784891811235344e-04
3.846392631530761719e+00 2.920202504872378493e-03 2.976741353772474944e-04
3.847064018249511719e+00 2.997681103443949890e-03 3.022825752980839824e-04
3.847735881805419922e+00 2.997021412547076248e-03 2.970650838786105486e-04
3.848404884338378906e+00 3.002376475520002024e-03 3.015447768049116261e-04
3.849078178405761719e+00 2.585662214356904479e-03 2.921680963333538766e-04
3.849749565124511719e+00 2.692684726588930391e-03 3.108026985571463695e-04
3.850421667098999023e+00 3.100750972970125682e-03 3.068219567718924890e-04
3.851091623306274414e+00 3.088552270454479609e-03 2.999227053936516854e-04
3.851764440536499023e+00 3.207888390901064441e-03 3.086648536946747369e-04
3.852437973022460938e+00 2.846967637100249887e-03 3.020846032413088372e-04
3.853109121322631836e+00 2.982712617303094702e-03 3.009839575181886000e-04
3.853775739669799805e+00 3.424872214906183373e-03 3.112603714089807170e-04
3.854449987411499023e+00 2.296948886476529381e-03 2.906858956560991452e-04
3.855120182037353516e+00 3.057388339018456830e-03 3.159897017231157851e-04
3.855793237686157227e+00 2.976478024322159154e-03 3.117642854570953719e-04
3.856463432312011719e+00 3.432627204098669983e-03 3.055361398313222719e-04
3.857135295867919922e+00 2.842788984600796466e-03 3.106837870451720565e-04
3.857805013656616211e+00 2.966320583077621496e-03 3.075202811816121025e-04
3.858477592468261719e+00 2.719803501213542696e-03 2.993117681587685488e-04
3.859151363372802734e+00 2.729128361110022029e-03 2.950860508072459024e-04
3.859821557998657227e+00 3.347204099051019448e-03 2.948524795959013112e-04
3.860490083694458008e+00 3.305808198098759976e-03 2.965706756794173797e-04
3.861163377761840820e+00 3.150344053885629700e-03 2.981939964079412188e-04
3.861831426620483398e+00 3.008871561093663487e-03 3.151672923194688558e-04
3.862507581710815430e+00 2.179921088331308009e-03 3.042870098723291189e-04
3.863173723220825195e+00 2.885057073748664193e-03 3.143860861062154144e-04
3.863847732543945312e+00 2.930010501614652412e-03 3.049994542679005023e-04
3.864520788192749023e+00 2.829926143082392258e-03 3.064981700457994817e-04
3.865191936492919922e+00 3.315140173215623542e-03 3.114760098811681873e-04
3.865862131118774414e+00 2.351338873470601529e-03 3.128199590024145229e-04
3.866533994674682617e+00 2.794663549842645988e-03 3.110822294833861384e-04
3.867204427719116211e+00 2.874413220354617507e-03 3.082207269271313907e-04
3.867876529693603516e+00 2.499205019901618550e-03 3.078022698134632706e-04
3.868546485900878906e+00 2.902658366867227370e-03 3.003914876393533264e-04
3.869217634201049805e+00 2.883631938626220366e-03 3.083834223019767725e-04
3.869888544082641602e+00 2.953564680333716549e-03 3.010107949673826596e-04
3.870563030242919922e+00 3.140438468640649027e-03 3.120943416505717765e-04
3.871231794357299805e+00 3.229988627533355618e-03 3.144380804240069728e-04
3.871901035308837891e+00 3.292785795341799694e-03 3.188574660261672277e-04
3.872574806213378906e+00 3.111537047833893253e-03 3.213084783131413399e-04
3.873246908187866211e+00 2.758658217686268520e-03 3.128773288071000705e-04
3.873918533325195312e+00 3.308492281490515042e-03 2.829595716967791630e-04
3.874588966369628906e+00 2.887251497708002816e-03 3.069119831433311124e-04
3.875259399414062500e+00 2.906116456412067683e-03 3.078190334064189360e-04
3.875929355621337891e+00 3.099442018387330283e-03 3.085404735915826140e-04
3.876602172851562500e+00 2.799272751000849400e-03 3.006399395606962864e-04
3.877272367477416992e+00 2.833972884976276863e-03 3.207496653371013327e-04
3.877940893173217773e+00 2.737361393841218973e-03 2.948213352047429387e-04
3.878616333007812500e+00 2.471573854080621677e-03 3.040294346153989938e-04
3.879286766052246094e+00 2.958691097091387286e-03 3.033443869993125751e-04
3.879959106445312500e+00 2.700093166119427006e-03 3.085159480866161963e-04
3.880629777908325195e+00 2.315210782893393614e-03 3.005348718712320369e-04
3.881298065185546875e+00 2.879895190189265750e-03 3.058550858128027778e-04
3.881972551345825195e+00 3.496188654532360936e-03 3.088088906075170848e-04
3.882644653320312500e+00 2.839675307774192688e-03 3.159646060029395738e-04
3.883312702178955078e+00 2.961380602575889361e-03 2.943754379022431528e-04
3.883981704711914062e+00 2.733501757478836326e-03 2.968684526695816598e-04
3.884653329849243164e+00 2.262351147853174267e-03 3.093736645829879735e-04
3.885327577590942383e+00 2.830266778147692668e-03 2.996611985437158676e-04
3.885998964309692383e+00 2.775401404089308278e-03 2.936556159255126119e-04
3.886670589447021484e+00 3.200385635076519186e-03 3.162262471247159453e-04
3.887340784072875977e+00 2.668894686483694757e-03 3.033772505283351844e-04
3.888011455535888672e+00 3.089501326424995246e-03 3.049516211606076248e-04
3.888680934906005859e+00 2.675523497822040065e-03 3.142460545953511481e-04
3.889351606369018555e+00 3.236076773012765834e-03 3.029653085848752468e-04
3.890022993087768555e+00 3.614350001633659468e-03 3.076346091033860448e-04
3.890694141387939453e+00 2.752282745060181512e-03 3.097563519659834921e-04
3.891365289688110352e+00 3.042024362516363659e-03 3.020550832243188962e-04
3.892039060592651367e+00 3.211665607471750686e-03 3.207828485869590896e-04
3.892706871032714844e+00 3.201440729259887562e-03 3.205322184891228987e-04
3.893377304077148438e+00 3.264900624767619851e-03 3.196511553508209181e-04
3.894048690795898438e+00 3.273071029635342150e-03 3.263381732157920974e-04
3.894718885421752930e+00 3.403118798570119868e-03 3.202016594071815199e-04
3.895389556884765625e+00 2.547545195451722533e-03 3.131677047191362283e-04
3.896064281463623047e+00 3.063833094469288476e-03 2.992585637487430545e-04
3.896732330322265625e+00 2.946015859137951064e-03 3.091002500350389297e-04
3.897405862808227539e+00 2.766291819733565898e-03 3.091617745541408945e-04
3.898074865341186523e+00 2.495099223343369161e-03 3.103027400121965247e-04
3.898748397827148438e+00 2.919182559275970788e-03 3.181490196431977055e-04
3.899417400360107422e+00 2.750131049011320019e-03 3.179448797602830870e-04
3.900087833404541016e+00 2.605062003882557039e-03 3.050230446902003488e-04
3.900759935379028320e+00 3.242292324483118243e-03 2.998121765699421478e-04
3.901430130004882812e+00 3.271033574815546737e-03 3.172238229906058893e-04
3.902101039886474609e+00 2.360083607330065811e-03 3.071306735885521457e-04
3.902772426605224609e+00 2.441104769039384621e-03 2.995604781224048252e-04
3.903441667556762695e+00 3.240860737475128196e-03 3.183387757282367869e-04
3.904112100601196289e+00 2.869237994051173149e-03 3.050486670243216653e-04
3.904786586761474609e+00 2.775166033440986009e-03 3.096044179236902283e-04
3.905455589294433594e+00 3.047919309738632808e-03 3.106606026572979640e-04
3.906125783920288086e+00 3.290270959759764805e-03 3.031994188589507604e-04
3.906794786453247070e+00 3.048956915437952241e-03 3.150979452898045713e-04
3.907466650009155273e+00 2.762249423526290468e-03 3.118039310660325773e-04
3.908140897750854492e+00 2.479815265882592649e-03 3.175234812408946842e-04
3.908810138702392578e+00 3.062788853198278836e-03 3.272407193468905573e-04
3.909480810165405273e+00 2.851377896469404778e-03 3.091382626481382987e-04
3.910151481628417969e+00 2.911367023683167615e-03 3.108534160200239721e-04
3.910823822021484375e+00 2.986412065845189031e-03 3.124747481346560902e-04
3.911492347717285156e+00 2.788754679410717849e-03 3.257022648671047366e-04
3.912162303924560547e+00 2.898651838328276074e-03 3.378173500884287003e-04
3.912834644317626953e+00 2.440803643524693672e-03 3.078539335625455416e-04
3.913505792617797852e+00 3.082817148312749084e-03 3.265457680755976693e-04
3.914175271987915039e+00 2.784961648759051549e-03 3.210100598945192941e-04
3.914848327636718750e+00 3.009168584706269512e-03 3.267334764876911584e-04
3.915517330169677734e+00 2.295385463552908779e-03 2.982802935754440081e-04
3.916188716888427734e+00 2.887213944816612553e-03 3.187515917860840966e-04
3.916857004165649414e+00 2.574444897408361983e-03 3.012295800934233552e-04
3.917530536651611328e+00 2.314882420352104998e-03 3.113041156072528150e-04
3.918198108673095703e+00 2.927325224610474036e-03 3.222599230781309464e-04
3.918869018554687500e+00 2.557431728277059519e-03 3.122140561872189428e-04
3.919543266296386719e+00 2.843258141654779036e-03 3.166496478300498689e-04
3.920211553573608398e+00 2.921775727208852317e-03 3.202042314278105489e-04
3.920884609222412109e+00 3.091881271648523870e-03 3.177088147250213220e-04
3.921554327011108398e+00 2.724020071760828790e-03 2.899872902674858967e-04
3.922223091125488281e+00 2.667290750456428883e-03 3.019853956618459546e-04
3.922891855239868164e+00 3.077244702135265974e-03 3.072034860895416441e-04
3.923568487167358398e+00 3.033849360142798750e-03 3.196226557960757386e-04
3.924235343933105469e+00 2.754505593203906977e-03 3.111569087551275593e-04
3.924905300140380859e+00 3.141071581153952706e-03 3.149364819324756786e-04
3.925576925277709961e+00 3.121326319111416767e-03 3.153978285416645603e-04
3.926246166229248047e+00 2.247854820137240757e-03 3.155317198651566048e-04
3.926918506622314453e+00 2.722055598030316374e-03 3.204168808094192333e-04
3.927586078643798828e+00 3.062227449798040659e-03 3.133150732260008833e-04
3.928930997848510742e+00 2.461886739609198474e-03 3.134534861745418640e-04
3.929600477218627930e+00 3.018361835638959292e-03 3.068142665464743796e-04
3.930270433425903320e+00 2.943117844932768585e-03 3.172148886173233495e-04
3.930942296981811523e+00 2.442612393508396262e-03 3.052988758947070415e-04
3.931611299514770508e+00 2.792464675229130999e-03 3.151567045324701541e-04
3.932283163070678711e+00 3.096553165712027152e-03 3.231272824119458642e-04
3.932952165603637695e+00 2.949867224912614688e-03 3.148934826770318700e-04
3.933625459671020508e+00 3.816387912978896121e-03 3.209940344726515773e-04
3.934296131134033203e+00 2.924184941885353810e-03 3.206486715141006021e-04
3.934966564178466797e+00 3.291901673205743610e-03 3.141410446207470249e-04
3.935635328292846680e+00 3.034713156290088157e-03 3.389139450953177466e-04
3.936308145523071289e+00 3.222201304636322303e-03 3.181422553668306454e-04
3.936974048614501953e+00 3.025348469997708473e-03 3.249443653702715519e-04
3.937646865844726562e+00 2.515976892486605949e-03 3.078997441937834619e-04
3.938318967819213867e+00 3.106322593182583251e-03 3.227810972786010935e-04
3.938989162445068359e+00 2.695786449170311551e-03 3.040992534120929083e-04
3.939660072326660156e+00 2.412580358960370215e-03 3.216682278556069925e-04
3.940330505371093750e+00 2.787107347282332271e-03 3.154394530361529034e-04
3.940999984741210938e+00 3.539653849175261168e-03 3.160070967537512631e-04
3.941669702529907227e+00 2.501049314677566537e-03 3.144321604400027691e-04
3.942341566085815430e+00 3.007269633884499926e-03 3.125106567617772337e-04
3.943011522293090820e+00 2.682397073342375569e-03 3.164161966023922175e-04
3.943683147430419922e+00 2.738273028834017908e-03 3.336481359399395634e-04
3.944350957870483398e+00 3.206173503124393372e-03 3.272082450635806499e-04
3.945021152496337891e+00 2.782699002276766906e-03 3.113567223663433830e-04
3.945693492889404297e+00 2.866087282930505648e-03 3.136014680352249917e-04
3.946363925933837891e+00 2.823505547989969399e-03 3.133820439644201738e-04
3.947033882141113281e+00 2.538078258396784040e-03 3.222786100658348789e-04
3.947703838348388672e+00 2.654004685987581581e-03 3.294911204157243822e-04
3.948375225067138672e+00 2.952676379636292453e-03 3.189905196680470453e-04
3.949044942855834961e+00 2.725174054881126899e-03 3.120285015917032868e-04
3.949716567993164062e+00 3.656293897422898710e-03 3.390603013533332612e-04
3.950387477874755859e+00 3.515710502360443190e-03 3.297722969852273037e-04
3.951056003570556641e+00 2.986270722194016031e-03 3.257944428918824751e-04
3.951727867126464844e+00 2.923626264153903528e-03 3.159088969533228116e-04
3.952398538589477539e+00 3.022150705256609112e-03 3.272265851638307081e-04
3.953066110610961914e+00 3.585970797416162571e-03 3.144755592699743940e-04
3.953738212585449219e+00 2.680006873062747066e-03 3.156331231657038779e-04
3.954408168792724609e+00 2.705258080851330287e-03 3.125158265080719153e-04
3.955079078674316406e+00 2.596661872594128138e-03 3.003326242279517151e-04
3.955749034881591797e+00 3.127718124059389749e-03 3.233082643768996197e-04
3.956420183181762695e+00 2.415428809495351239e-03 3.095492543692856180e-04
3.957091093063354492e+00 3.225939814148842243e-03 3.265688284202376357e-04
3.957763195037841797e+00 2.681983700970759499e-03 3.052634262871913723e-04
3.958427667617797852e+00 2.818336733587610641e-03 3.229469208021633667e-04
3.959100723266601562e+00 3.204347428368505349e-03 3.268098462491566408e-04
3.959769010543823242e+00 3.235407391365785739e-03 3.322099938736665565e-04
3.960440874099731445e+00 2.251817519424416814e-03 3.206126691301411737e-04
3.961110830307006836e+00 3.161382065837039287e-03 3.197570340636461043e-04
3.961781263351440430e+00 3.024270344967259095e-03 3.206329701582483357e-04
3.962450027465820312e+00 3.029603863290286116e-03 3.141810383471134276e-04
3.963123083114624023e+00 2.787019208745264952e-03 3.140868043741624799e-04
3.963792324066162109e+00 2.976145877740375527e-03 3.252801355296287009e-04
3.964463233947753906e+00 2.489832046015975735e-03 3.154402965872165395e-04
3.965130805969238281e+00 2.690588398246525435e-03 3.268001766207374328e-04
3.965803384780883789e+00 2.614457084778746242e-03 3.101121754873309671e-04
3.966471672058105469e+00 3.020063718994491029e-03 3.179666252134425255e-04
3.967142105102539062e+00 2.673571972916736345e-03 3.112297508776639722e-04
3.967811822891235352e+00 2.621895650241957889e-03 3.197915446185979832e-04
3.968483924865722656e+00 3.397256273662588658e-03 3.206448999190439895e-04
3.969157695770263672e+00 3.038786996694884095e-03 3.228177572675685128e-04
3.969823360443115234e+00 2.829560645811361481e-03 3.245389915082832750e-04
3.970494508743286133e+00 2.540529822085977121e-03 3.198492727527389940e-04
3.971164703369140625e+00 2.975083285333850625e-03 3.121820710642302251e-04
3.971834421157836914e+00 3.460279709664321364e-03 3.217634453834777408e-04
3.972504854202270508e+00 3.102002522466403445e-03 3.277223170782361350e-04
3.973175048828125000e+00 2.772998712687363594e-03 3.340022367910710902e-04
3.973844766616821289e+00 2.670224050806130258e-03 3.093915431993826161e-04
3.974514007568359375e+00 2.538783005183395999e-03 3.268937378102414258e-04
3.975185871124267578e+00 2.810291981869125853e-03 3.117708221872728591e-04
3.975855350494384766e+00 2.775243956759915372e-03 3.291183423323762480e-04
3.976525783538818359e+00 3.194604555507849549e-03 3.168173700750711187e-04
3.977197408676147461e+00 2.611778691490345816e-03 3.228317899659094046e-04
3.977865695953369141e+00 3.212898535050650543e-03 3.421603827981568782e-04
3.978533267974853516e+00 2.484729169803653100e-03 3.263705480045931816e-04
3.979205131530761719e+00 3.318054361134084411e-03 3.274856190233880224e-04
3.979877710342407227e+00 3.142213738967872608e-03 3.319956447791514256e-04
3.980546474456787109e+00 3.625086528101155708e-03 3.102939944305407394e-04
3.981213331222534180e+00 2.964087383105614738e-03 3.168349822669641602e-04
3.981886148452758789e+00 2.817393015629993027e-03 3.258289174795554483e-04
3.982557296752929688e+00 2.761007129278344758e-03 3.410331954758984065e-04
3.983225107192993164e+00 3.442190149725761657e-03 3.438397104843916689e-04
3.983895301818847656e+00 2.818090558224645853e-03 3.312308943227022773e-04
3.984564065933227539e+00 2.706944168675108793e-03 3.343904401112858505e-04
3.985237598419189453e+00 3.424937722675999632e-03 3.344322332071653970e-04
3.985906124114990234e+00 3.721015741697039116e-03 3.478727958883651335e-04
3.986575126647949219e+00 2.543131633784829430e-03 3.348013557135017535e-04
3.987248659133911133e+00 3.249023631078257549e-03 3.302541223952135791e-04
3.987916707992553711e+00 2.889281736390727096e-03 3.336208072106821611e-04
3.988584041595458984e+00 2.866083523396180301e-03 3.307783681514731163e-04
3.989257335662841797e+00 2.514030306476617953e-03 3.173365785859753939e-04
3.989926338195800781e+00 3.288403111277527196e-03 3.505738637119054559e-04
3.990596294403076172e+00 3.312421045724688214e-03 3.335947661600710329e-04
3.991267681121826172e+00 2.805701449847864109e-03 3.506696262351321233e-04
3.991935491561889648e+00 2.511524877909640605e-03 3.391295331243609264e-04
3.992604970932006836e+00 2.660847251891509425e-03 3.144332369714726940e-04
3.993278741836547852e+00 2.290281846875339734e-03 3.256774802451950848e-04
3.993948698043823242e+00 2.998767683784779939e-03 3.221588057938355883e-04
3.994618415832519531e+00 3.027412094588261861e-03 3.193652815637019354e-04
3.995284318923950195e+00 2.643197773524676511e-03 3.320650468301035831e-04
3.995957136154174805e+00 2.408787330143020468e-03 3.199498273140767113e-04
3.996624469757080078e+00 3.136438590684062500e-03 3.307772983896634360e-04
3.997292757034301758e+00 3.140594502519172999e-03 3.217601327419274582e-04
3.997964859008789062e+00 3.137804814694590983e-03 3.227907246709742065e-04
3.998637914657592773e+00 3.250976934206234546e-03 3.082201513042009933e-04
3.999305963516235352e+00 2.939088896752605623e-03 3.282218852108323838e-04
3.999977588653564453e+00 2.913917863844802357e-03 3.188627100730608943e-04
4.000642776489257812e+00 3.006237203842273067e-03 3.183376621362046690e-04
4.001315593719482422e+00 2.770595000845924288e-03 3.308228963628243903e-04
4.001982688903808594e+00 3.286605401079782836e-03 3.234673707922533178e-04
4.002654075622558594e+00 3.003712796223616081e-03 3.319596309326531256e-04
4.003323554992675781e+00 2.492343306564912941e-03 3.207054205044764135e-04
4.003993511199951172e+00 3.097787986056010998e-03 3.071447174480170916e-04
4.004665851593017578e+00 3.018125156341906843e-03 3.391417204550730932e-04
4.005331993103027344e+00 2.697932600589517463e-03 3.291391203985752725e-04
4.006003856658935547e+00 2.779470894287858641e-03 3.320176363563490606e-04
4.006671905517578125e+00 2.866639561325112513e-03 3.340032748387113397e-04
4.007343292236328125e+00 3.233978515135268843e-03 3.396485743555803603e-04
4.008014678955078125e+00 3.190508558129446191e-03 3.199437514444045268e-04
4.008681774139404297e+00 2.731344406542626085e-03 3.186564564153348406e-04
4.009354114532470703e+00 3.046392366285892439e-03 3.380808346455981754e-04
4.010024070739746094e+00 3.396732477041415881e-03 3.314322854703393101e-04
4.010693073272705078e+00 2.724980793601277686e-03 3.109174817768630512e-04
4.011362552642822266e+00 2.364842111191972542e-03 3.246867138309912529e-04
4.012030124664306641e+00 2.207481880725661958e-03 3.122223334289213749e-04
4.012701511383056641e+00 3.079567119969711751e-03 3.218724157240410318e-04
4.013369560241699219e+00 3.813795664631144857e-03 3.421532425703017240e-04
4.014041900634765625e+00 2.878282839597337637e-03 3.273179782191418491e-04
4.014708042144775391e+00 2.649301785335197220e-03 3.318442034469988068e-04
4.015379428863525391e+00 3.099613149857913599e-03 3.283165516801687164e-04
4.016050815582275391e+00 3.284922694169804553e-03 3.423302754045495452e-04
4.016716957092285156e+00 2.630967605327927655e-03 3.258035018735274345e-04
4.017389297485351562e+00 3.091078915393129060e-03 3.493122549906886717e-04
4.018060684204101562e+00 2.974183920538384703e-03 3.321849636434329699e-04
4.018731117248535156e+00 3.380514715923172136e-03 3.325099224079806556e-04
4.019396305084228516e+00 2.972087728068060260e-03 3.418623739914666620e-04
4.020066738128662109e+00 2.418787080339682323e-03 3.252518560920133399e-04
4.020738124847412109e+00 2.571383438954141266e-03 3.177822634355796259e-04
4.021405220031738281e+00 3.182518172081383063e-03 3.157354317055795809e-04
4.022076606750488281e+00 2.533391681075167039e-03 3.204949827695649446e-04
4.022744655609130859e+00 2.990586562744223555e-03 3.295927155591129643e-04
4.023415088653564453e+00 2.449383485917559517e-03 3.298672724650407277e-04
4.024084568023681641e+00 2.931465705304144367e-03 3.363347669535561471e-04
4.024756431579589844e+00 3.766319485145472150e-03 3.325126298144735000e-04
4.025424480438232422e+00 3.316418043811510639e-03 3.277382493226188099e-04
4.026094913482666016e+00 3.055856381487723813e-03 3.379949239433957943e-04
4.026762485504150391e+00 2.667117207586261213e-03 3.310530539277468064e-04
4.027434349060058594e+00 2.470706014951181816e-03 3.373640836055978587e-04
4.028101921081542969e+00 3.269301442032380815e-03 3.168430888003552276e-04
4.028773307800292969e+00 2.377752061935587205e-03 3.331535369886417445e-04
4.029438972473144531e+00 3.239362893355911786e-03 3.215309948661393869e-04
4.030113697052001953e+00 2.542790323641934067e-03 3.298991083257157820e-04
4.030776500701904297e+00 2.765232255218899680e-03 3.470227804418246089e-04
4.031448364257812500e+00 2.804327451849874912e-03 3.297023405034378053e-04
4.032120704650878906e+00 3.256450312167049298e-03 3.326994413065615460e-04
4.032789707183837891e+00 2.985546400988978080e-03 3.283265997478605194e-04
4.033456802368164062e+00 3.070066387969894259e-03 3.378707970966934350e-04
4.034130573272705078e+00 3.459937914698600452e-03 3.442737932631496954e-04
4.034798622131347656e+00 2.816763329958373897e-03 3.233507324621816997e-04
4.035467624664306641e+00 2.938875493516945707e-03 3.322379017374524324e-04
4.036138534545898438e+00 2.778201678737191559e-03 3.302059768732139126e-04
4.036805629730224609e+00 2.933635093429541856e-03 3.474520693256769196e-04
4.037478446960449219e+00 2.723319045065831796e-03 3.292065767716931420e-04
4.038142204284667969e+00 3.143017581605101439e-03 3.365343435527239622e-04
4.038813591003417969e+00 3.368896890647657752e-03 3.459025193269252502e-04
4.039484977722167969e+00 3.590223151325307779e-03 3.436466280210720729e-04
4.040153503417968750e+00 2.907130884369677273e-03 3.315070275684970551e-04
4.040823459625244141e+00 2.708094871981239250e-03 3.420842615887045683e-04
4.041491031646728516e+00 2.237644034388825559e-03 3.398331939855630699e-04
4.042161464691162109e+00 3.296319680940459212e-03 3.423453559714850119e-04
4.042832374572753906e+00 3.294147258411124837e-03 3.449613463183493433e-04
4.043498992919921875e+00 2.053302980638702958e-03 3.387160407009024744e-04
4.044169902801513672e+00 2.159591127042105770e-03 3.500621946900265755e-04
4.044840335845947266e+00 2.524681606413734306e-03 3.594898537252311883e-04
4.045509815216064453e+00 2.527380006026190909e-03 3.405086252201263764e-04
4.046180248260498047e+00 3.052089428690550523e-03 3.392495741660116822e-04
4.046847820281982422e+00 2.495194704975925350e-03 3.369449727195737167e-04
4.047515869140625000e+00 3.559344807010239760e-03 3.357611457507025899e-04
4.048187255859375000e+00 2.961278760042966411e-03 3.259657668215624657e-04
4.048854827880859375e+00 2.350423114941567037e-03 3.128476203452180602e-04
4.049524307250976562e+00 2.800573585057475768e-03 3.444606487134707910e-04
4.050193309783935547e+00 2.966579044780380363e-03 3.448662041043568842e-04
4.050862789154052734e+00 2.125061855455535106e-03 3.468790730847210791e-04
4.051532745361328125e+00 2.952144275548710881e-03 3.401213634112844959e-04
4.052200794219970703e+00 2.834804728319884233e-03 3.402646130184942635e-04
4.052869796752929688e+00 2.877427525811272237e-03 3.381724808677962933e-04
4.053540706634521484e+00 2.507556563728719715e-03 3.369633491250409625e-04
4.054209232330322266e+00 2.230272495521738816e-03 3.249275506988253282e-04
4.054881095886230469e+00 2.735293386848170003e-03 3.309299254148538399e-04
4.055550098419189453e+00 3.211897957000030886e-03 3.439617091638683035e-04
4.056218147277832031e+00 2.890802914773975361e-03 3.403570474910819297e-04
4.056889057159423828e+00 3.088331239366961731e-03 3.363497182938664449e-04
4.057558059692382812e+00 3.336646493803555741e-03 3.452467890102679359e-04
4.058226585388183594e+00 3.230105206680564198e-03 3.379181472698333040e-04
4.058894634246826172e+00 2.001465710198857204e-03 3.080484966743712296e-04
4.059563159942626953e+00 2.965526090071522736e-03 3.433681780842842810e-04
4.060235023498535156e+00 3.430691901275282740e-03 3.738870082723977882e-04
4.060903072357177734e+00 3.230026236843528287e-03 3.479249313640829684e-04
4.061573505401611328e+00 2.895410681151904149e-03 3.527554420925533272e-04
4.062242507934570312e+00 2.542172104666660416e-03 3.356177932367726221e-04
4.062907695770263672e+00 2.809437695845074402e-03 3.497843868315831067e-04
4.063579559326171875e+00 2.531880759978764623e-03 3.375024243499166374e-04
4.064249038696289062e+00 2.363524365083603199e-03 3.492372159524324946e-04
4.064918041229248047e+00 2.986901999506947833e-03 3.387338692219887901e-04
4.065586566925048828e+00 2.762077520985736258e-03 3.097458230286584055e-04
4.066254615783691406e+00 3.006236272766749096e-03 3.280486944307424023e-04
4.066925048828125000e+00 3.148794210553914046e-03 3.390626307923453328e-04
4.067597866058349609e+00 2.547523200499922976e-03 3.464807703212368414e-04
4.068931102752685547e+00 2.779774115847612366e-03 3.440693733221830784e-04
4.069600105285644531e+00 2.266086764830548342e-03 3.512383768642078912e-04
4.070268630981445312e+00 3.406418352534775710e-03 3.414975701892673430e-04
4.070937633514404297e+00 3.390748796456440582e-03 3.452119225141564267e-04
4.071610450744628906e+00 2.465324910830244635e-03 3.310429669352149269e-04
4.072276592254638672e+00 3.265407131128088107e-03 3.586861135830728933e-04
4.072947025299072266e+00 2.887840162229661587e-03 3.380223435374142787e-04
4.073614120483398438e+00 2.843910467667153975e-03 3.518340575864428634e-04
4.074282646179199219e+00 3.109660543131000012e-03 3.666419334463172190e-04
4.074954986572265625e+00 2.746697720273509873e-03 3.593123401738238204e-04
4.075623512268066406e+00 3.555978067442578869e-03 3.495515064067970584e-04
4.076292514801025391e+00 3.019886465515109805e-03 3.496694260905116041e-04
4.076963424682617188e+00 2.978772213471279039e-03 3.437055985911524787e-04
4.077630996704101562e+00 2.924186287125007423e-03 3.335536227923959927e-04
4.078297138214111328e+00 2.715941618440994090e-03 3.512050297066620394e-04
4.078965663909912109e+00 2.867390798716685282e-03 3.520396590163848202e-04
4.079639911651611328e+00 3.049770759976752361e-03 3.492112065572610291e-04
4.080306053161621094e+00 2.597753899295425408e-03 3.341176201168250632e-04
4.080972194671630859e+00 2.717316974475050568e-03 3.477959974157683316e-04
4.081646919250488281e+00 2.704683120749174375e-03 3.470769805245874496e-04
4.082314968109130859e+00 2.671335702204974231e-03 3.418145504921899359e-04
4.082981586456298828e+00 3.023692845634611513e-03 3.669095908405731426e-04
4.083650588989257812e+00 2.047276750656540183e-03 3.716593025395362160e-04
4.084319114685058594e+00 2.674947164503806412e-03 3.469393659909023996e-04
4.084989070892333984e+00 3.198468581744041712e-03 3.586792111661795258e-04
4.085656642913818359e+00 3.185049793396857887e-03 3.673951673079638852e-04
4.086325645446777344e+00 2.210472811153888200e-03 3.441898419406174379e-04
4.086996555328369141e+00 2.647963461358684469e-03 3.459151367322363434e-04
4.087664604187011719e+00 2.914199488042081270e-03 3.651238715501540079e-04
4.088333606719970703e+00 3.063556632200559095e-03 3.577558365761521219e-04
4.089002609252929688e+00 2.904510510525165016e-03 3.591637021548977184e-04
4.089669704437255859e+00 3.151758936907981916e-03 3.556859882850837680e-04
4.090342044830322266e+00 2.652994363546409221e-03 3.275365750745075615e-04
4.091007709503173828e+00 3.422614877692890627e-03 3.557071490798539588e-04
4.091679573059082031e+00 3.190565632647438150e-03 3.441216711739989408e-04
4.092347621917724609e+00 3.171101764246431719e-03 3.430394189351465626e-04
4.093015193939208984e+00 2.322462178311699571e-03 3.494528721946612085e-04
4.093682765960693359e+00 2.487869694297294328e-03 3.569152672541814255e-04
4.094354152679443359e+00 2.934098882937894240e-03 3.655335753458300316e-04
4.095023155212402344e+00 2.915667779039756140e-03 3.614468845498432247e-04
4.095691204071044922e+00 2.266363717185621626e-03 3.435190629850080261e-04
4.096360206604003906e+00 2.671876741203339269e-03 3.468002188520355336e-04
4.097026824951171875e+00 2.390606813768002617e-03 3.423593961607503426e-04
4.097697734832763672e+00 2.792629471512923355e-03 3.370907679073271491e-04
4.098365306854248047e+00 2.751533877401079759e-03 3.490326295265556555e-04
4.099035739898681641e+00 3.113289818162795312e-03 3.483691977597306406e-04
4.099703788757324219e+00 3.130001749517027747e-03 3.467242915512862289e-04
4.100371837615966797e+00 3.047990077534114967e-03 3.479800818558213414e-04
4.101043701171875000e+00 2.677475868892757131e-03 3.409502983815536977e-04
4.101710319519042969e+00 2.107783057109220357e-03 3.410376623942151970e-04
4.102377891540527344e+00 2.954883751911123804e-03 3.576938710558033520e-04
4.103045940399169922e+00 2.182142788704829507e-03 3.389683232117837101e-04
4.103715419769287109e+00 2.850846478451508209e-03 3.517816440766229936e-04
4.104383945465087891e+00 2.903786006950481637e-03 3.457472239722571717e-04
4.105054855346679688e+00 2.569632928744857141e-03 3.585252106475320241e-04
4.105722427368164062e+00 2.837645013769229431e-03 3.462360536581449676e-04
4.106389045715332031e+00 2.991388977625825986e-03 3.332630585824260033e-04
4.107060909271240234e+00 3.102757501616476045e-03 3.313267007645434581e-04
4.107730388641357422e+00 2.736228109904822927e-03 3.368031528826251732e-04
4.108397006988525391e+00 2.845659323409180028e-03 3.533866695985752302e-04
4.109066009521484375e+00 3.374033055859243686e-03 4.010625673778471143e-04
4.109734535217285156e+00 2.591717622474007127e-03 3.573190777311984162e-04
4.110404014587402344e+00 2.372220341123620641e-03 3.493476784098315815e-04
4.111074924468994141e+00 2.855448732132402027e-03 3.675494352190449942e-04
4.111738204956054688e+00 3.231615988366806549e-03 3.419788314429277965e-04
4.112411975860595703e+00 3.060242381999463222e-03 3.608826741894597713e-04
4.113078594207763672e+00 2.258200523925471721e-03 3.530747486308765705e-04
4.113745689392089844e+00 2.920169702156528470e-03 3.407057708715593601e-04
4.114415168762207031e+00 3.249524181367899160e-03 3.439336139991177048e-04
4.115082263946533203e+00 2.764219394449901612e-03 3.529797079078809247e-04
4.115752220153808594e+00 2.916820725760486954e-03 3.450899804502953081e-04
4.116423130035400391e+00 2.902183000902804760e-03 3.567710967530802958e-04
4.117088794708251953e+00 3.133950825448514159e-03 3.492888963704607200e-04
4.117760658264160156e+00 2.608328293240111916e-03 3.259672657747150933e-04
4.118430137634277344e+00 3.080464233044774656e-03 3.439409513354197735e-04
4.119094371795654297e+00 3.408537578460598978e-03 3.516082287100081249e-04
4.119763374328613281e+00 2.740420907244599680e-03 3.501702483553277481e-04
4.120432853698730469e+00 3.182280665478674341e-03 3.701954641806449596e-04
4.121100425720214844e+00 2.979734855323459136e-03 3.554314940336593788e-04
4.121769905090332031e+00 2.841435355659168143e-03 3.693003550415705025e-04
4.122437000274658203e+00 2.999345408542916560e-03 3.757564364295738887e-04
4.123106956481933594e+00 3.118610976556340526e-03 3.632570867664692486e-04
4.123775959014892578e+00 2.806599967486884777e-03 3.534576047860170031e-04
4.124445915222167969e+00 2.382772088120479245e-03 3.514367942067721262e-04
4.125112533569335938e+00 3.107828291016220650e-03 3.619014108342126545e-04
4.125778675079345703e+00 3.172678962667247957e-03 3.566692083793724017e-04
4.126450538635253906e+00 2.624322361300729465e-03 3.455961070110080084e-04
4.127117156982421875e+00 3.063015229560628848e-03 3.532613197821970921e-04
4.127788543701171875e+00 2.434653354155766943e-03 3.730405411289358696e-04
4.128455638885498047e+00 2.345841583936017580e-03 3.620601955278403782e-04
4.129124164581298828e+00 2.744335320271519465e-03 3.714983349297780848e-04
4.129792213439941406e+00 2.922786933214416467e-03 3.510086047558401163e-04
4.130461215972900391e+00 2.871957907767606812e-03 3.701204903614817125e-04
4.131125926971435547e+00 2.974892449793728119e-03 3.689443875902359581e-04
4.131796836853027344e+00 3.252168359180410834e-03 3.668099890860186587e-04
4.132463932037353516e+00 3.143071828851287837e-03 3.499040445481024601e-04
4.133133411407470703e+00 3.460188895284293208e-03 3.656130559048333725e-04
4.133800506591796875e+00 2.336711055825234622e-03 3.717484040889392632e-04
4.134469032287597656e+00 2.746079468347225813e-03 3.597401796192185820e-04
4.135138988494873047e+00 2.671859846698689846e-03 3.570941623591553289e-04
4.135806560516357422e+00 2.838962287610057728e-03 3.584453453916412193e-04
4.136474609375000000e+00 2.195206128125795023e-03 3.610995392834457870e-04
4.137141227722167969e+00 3.008427757441146846e-03 3.658822787755311879e-04
4.137813091278076172e+00 3.193894248081817315e-03 3.633736366007400101e-04
4.138479709625244141e+00 2.775620635602651150e-03 3.592266258518150130e-04
4.139151573181152344e+00 3.063948211262634488e-03 3.653569640699457313e-04
4.139815807342529297e+00 2.970095177104746520e-03 3.792109193558966377e-04
4.140484809875488281e+00 3.616011907421181303e-03 3.621712206514252443e-04
4.141155242919921875e+00 2.796054992595802934e-03 3.580665476247844241e-04
4.141822814941406250e+00 2.747906884921776528e-03 3.509751503853986935e-04
4.142489910125732422e+00 2.941867949982612893e-03 3.676409948923489214e-04
4.143159389495849609e+00 2.942643842954815320e-03 3.575719299635613945e-04
4.143831253051757812e+00 2.847335400544732248e-03 3.741751196660509683e-04
4.144496917724609375e+00 2.538266014413319890e-03 3.517711559022574297e-04
4.145164966583251953e+00 2.759404703607726793e-03 3.448888789520010889e-04
4.145831108093261719e+00 2.967996754611244240e-03 3.557762691176152132e-04
4.146501064300537109e+00 3.411455499593385194e-03 3.671473468795936391e-04
4.147170066833496094e+00 2.915967556796498876e-03 3.698937724768969464e-04
4.147836208343505859e+00 2.928819628839831810e-03 3.645100157441591416e-04
4.148506164550781250e+00 2.529764356453372345e-03 3.507313796996199581e-04
4.149169921875000000e+00 3.209878003756169197e-03 3.667860805553995580e-04
4.149841785430908203e+00 2.797187773657244629e-03 3.687909226798076370e-04
4.150513172149658203e+00 2.893759662387378976e-03 3.630128594425229135e-04
4.151179313659667969e+00 3.191019953441966237e-03 3.627129772555140940e-04
4.151847839355468750e+00 3.172174458384266135e-03 3.626493993667037055e-04
4.152513980865478516e+00 3.211090004092701650e-03 3.647735710320314326e-04
4.153182029724121094e+00 3.149810496494783504e-03 3.584047456181449097e-04
4.153851032257080078e+00 3.008369545966506700e-03 3.628895033466392455e-04
4.154520988464355469e+00 2.833578295558297246e-03 3.470075829893927433e-04
4.155188083648681641e+00 2.721582578763742828e-03 3.597571543634905684e-04
4.155853271484375000e+00 2.867523813683914811e-03 3.596877985556050242e-04
4.156523227691650391e+00 2.594081427621124526e-03 3.567843522867212430e-04
4.157192707061767578e+00 3.229846068987910629e-03 3.560583593609715613e-04
4.157859325408935547e+00 3.323624915046599539e-03 3.588123903586796994e-04
4.158529758453369141e+00 2.315091317237176222e-03 3.725053470552044249e-04
4.159199237823486328e+00 3.503603436617422438e-03 3.799520608843728170e-04
4.159865856170654297e+00 2.649546243213854891e-03 3.547726757679999865e-04
4.160534381866455078e+00 2.796993412126111238e-03 3.807463441721454850e-04
4.161200046539306641e+00 3.223832058356409375e-03 3.629862454078509795e-04
4.161870956420898438e+00 2.711126434414686415e-03 3.708414516496110576e-04
4.162539005279541016e+00 2.842382854584744184e-03 3.632666466378334496e-04
4.163207054138183594e+00 3.275469714610616378e-03 3.753133022795800589e-04
4.163873672485351562e+00 2.066696899962078195e-03 3.392116511681127732e-04
4.164543151855468750e+00 3.318117305967342376e-03 3.640488522616758997e-04
4.165212154388427734e+00 3.355126553402004285e-03 3.753766751227982884e-04
4.165878295898437500e+00 2.577833621508896726e-03 3.667933003645468433e-04
4.166547298431396484e+00 3.604630863525275317e-03 3.755439078009349479e-04
4.167211532592773438e+00 3.188392261889331364e-03 3.866092609404811345e-04
4.167883872985839844e+00 3.401981879949770703e-03 3.702532763404307566e-04
4.168550014495849609e+00 2.960461641789717893e-03 3.612053999241755038e-04
4.169216632843017578e+00 3.273440570774841310e-03 3.766563073472657544e-04
4.169886589050292969e+00 3.146500919015830441e-03 3.841215182474592873e-04
4.170553207397460938e+00 3.169919077683499599e-03 3.682239092083984988e-04
4.171219825744628906e+00 2.504717843386365141e-03 3.795722615946625481e-04
4.171885967254638672e+00 3.029893164728201214e-03 3.770268690896231081e-04
4.172558307647705078e+00 3.184557211542234003e-03 3.682083348163074600e-04
4.173223972320556641e+00 3.221347673421241786e-03 3.660552994850883174e-04
4.173893451690673828e+00 3.429507059885736169e-03 3.644736012858563155e-04
4.174561023712158203e+00 3.126513119739377736e-03 3.619277360430636897e-04
4.175230979919433594e+00 3.487982335530229617e-03 3.977318409162212769e-04
4.175894737243652344e+00 2.745755121065684284e-03 3.626335797959746952e-04
4.176567077636718750e+00 2.489482567613114389e-03 3.689735649663571505e-04
4.177232742309570312e+00 2.456951641087060795e-03 3.620359303164547580e-04
4.177900791168212891e+00 2.934906846661534865e-03 3.718573266230797256e-04
4.178569316864013672e+00 2.682002284919507862e-03 3.588354999702162719e-04
4.179239273071289062e+00 3.333496000278752744e-03 3.832085305287960325e-04
4.179903030395507812e+00 2.755073527065826557e-03 3.609505941728257056e-04
4.180572032928466797e+00 2.849266431451463570e-03 3.677969268525506960e-04
4.181240081787109375e+00 2.652873281155828256e-03 3.689389181757584844e-04
4.181910037994384766e+00 2.639141218151709600e-03 3.630679511311455895e-04
4.182575702667236328e+00 3.038776221924733342e-03 3.786843615051553548e-04
4.183244705200195312e+00 2.710286291879437405e-03 3.776674328487965608e-04
4.183911800384521484e+00 3.131711082274362366e-03 3.786080281618349561e-04
4.184581756591796875e+00 2.836476855945883717e-03 3.797635079281041744e-04
4.185248374938964844e+00 2.678507562772848398e-03 3.514706833040394840e-04
4.185915470123291016e+00 3.714280386833726435e-03 3.782074407571868035e-04
4.186583518981933594e+00 2.015881371807154692e-03 3.497946958790184766e-04
4.187250137329101562e+00 2.853609628954929811e-03 3.740777124253148712e-04
4.187920570373535156e+00 2.524525547451939370e-03 3.736695092677048600e-04
4.188587188720703125e+00 3.398452954895760277e-03 3.786132875018774230e-04
4.189256668090820312e+00 3.340457944622227896e-03 3.562630260215949272e-04
4.189922332763671875e+00 2.680188842371943048e-03 3.709066555767791718e-04
4.190592288970947266e+00 2.590311813639554692e-03 3.775028439917296318e-04
4.191256999969482422e+00 3.655263161874976272e-03 3.803807454923248139e-04
4.191927433013916016e+00 3.165818728048898009e-03 3.817767950664072000e-04
4.192597389221191406e+00 3.301994272717219837e-03 3.120683242663650422e-04
4.193262577056884766e+00 2.791677160841000028e-03 3.802008783411869723e-04
4.193930149078369141e+00 2.127858225584302373e-03 3.611530993892283635e-04
4.194598674774169922e+00 2.691650117961950396e-03 3.751805484743442527e-04
4.195264339447021484e+00 3.094948555470470111e-03 3.717520454106443620e-04
4.195932865142822266e+00 2.353055467737463075e-03 3.643167880652787780e-04
4.196598052978515625e+00 2.805940020338029695e-03 3.729437220021611116e-04
4.197268009185791016e+00 3.854438543375440090e-03 3.915869870487552582e-04
4.197936058044433594e+00 3.128934610519506793e-03 3.860156716829258282e-04
4.198603153228759766e+00 3.730840486299090864e-03 3.742012984099096881e-04
4.199270725250244141e+00 2.979603620627498985e-03 3.676876978376337666e-04
4.199936389923095703e+00 3.083806980366570610e-03 3.802999969126420765e-04
4.200605869293212891e+00 2.825802399478792148e-03 3.661443133358549800e-04
4.201273441314697266e+00 2.957141383873556576e-03 3.477476322412489137e-04
4.201942443847656250e+00 2.895826851134703298e-03 3.547799252217661171e-04
4.202609062194824219e+00 3.108649259738907253e-03 3.805259987538707782e-04
4.203275203704833984e+00 3.231453891655053628e-03 4.033294472667215574e-04
4.203940868377685547e+00 2.858938868615099656e-03 3.943158676225529667e-04
4.204613685607910156e+00 3.217764707016665393e-03 3.960417116055355903e-04
4.205301284790039062e+00 3.169411962474578785e-03 3.724348183062701763e-04
4.205947399139404297e+00 3.036152152311364337e-03 3.893648994416288775e-04
4.206614494323730469e+00 2.761482815184264708e-03 3.723999917167283066e-04
4.207284450531005859e+00 2.949981081336806605e-03 3.753817905407462983e-04
4.207951068878173828e+00 2.791862517832372458e-03 3.605752555143440269e-04
4.208620071411132812e+00 3.048148604101609104e-03 3.861064430712815338e-04
4.209283828735351562e+00 3.143922613691137354e-03 3.840961613650145613e-04
4.209952354431152344e+00 2.742734197510235308e-03 3.971319951490502988e-04
4.210619926452636719e+00 3.071155790294313823e-03 3.748313648482338219e-04
4.211285591125488281e+00 3.548973335532870990e-03 3.640345093370166867e-04
4.211958408355712891e+00 2.973104679975744399e-03 3.752308529125921127e-04
4.212622642517089844e+00 2.516574541044661051e-03 3.818816931222707178e-04
4.213289260864257812e+00 3.421563602608040586e-03 4.137644905408267675e-04
4.213960170745849609e+00 2.462865101801264313e-03 4.011898627383529096e-04
4.214624881744384766e+00 3.846405650389116485e-03 3.549264585989552888e-04
4.215293884277343750e+00 3.315828756914054702e-03 3.841857047497656478e-04
4.215961456298828125e+00 2.858746340349572427e-03 3.614619549697146756e-04
4.216627120971679688e+00 2.080242308130898343e-03 3.733103937658314260e-04
4.217296123504638672e+00 3.093340562285733144e-03 3.745065105305375860e-04
4.217967033386230469e+00 2.712534840756007301e-03 3.468841480298244496e-04
4.218629360198974609e+00 2.216839555957083284e-03 3.592808666551426861e-04
4.219298839569091797e+00 3.069204133218724970e-03 3.803295428391365398e-04
4.219965457916259766e+00 2.608957103852503276e-03 3.868551318632761256e-04
4.220633029937744141e+00 2.676791991488729639e-03 3.670749206464414636e-04
4.221297264099121094e+00 2.944983422247804839e-03 3.846133249420612263e-04
4.221969127655029297e+00 2.862716260619047135e-03 3.879069893878908789e-04
4.222633361816406250e+00 3.353556672107640534e-03 3.828112759932633365e-04
4.223304271697998047e+00 2.962739280633190989e-03 3.874880945019761372e-04
4.223969936370849609e+00 2.813945721730977921e-03 3.709647236940914099e-04
4.224639415740966797e+00 2.231052729416800693e-03 3.687653656667101926e-04
4.225305080413818359e+00 2.764989736793664957e-03 3.789817592008710837e-04
4.225971698760986328e+00 2.852183134470968971e-03 3.781314920289668611e-04
4.226641178131103516e+00 2.557592770822903361e-03 3.851464286921508985e-04
4.227305412292480469e+00 2.787010707248436386e-03 3.767534226841705042e-04
4.227975368499755859e+00 2.689822980752602961e-03 3.764676975683345426e-04
4.228641510009765625e+00 2.855926586590954146e-03 3.797251929813820416e-04
4.229307651519775391e+00 3.002144921292968123e-03 3.882590841194975655e-04
4.229974746704101562e+00 2.795049098783731600e-03 3.757992552191878632e-04
4.230642318725585938e+00 2.770422420487800210e-03 3.873267557485284398e-04
4.231311798095703125e+00 2.978047444297911121e-03 3.701163996637454900e-04
4.231976032257080078e+00 3.448745927445501930e-03 3.703601239539840921e-04
4.232643604278564453e+00 3.240615383021031200e-03 3.815591261252579804e-04
4.233313560485839844e+00 3.324344989312469963e-03 3.939899620746146612e-04
4.233978271484375000e+00 2.138288783814597770e-03 3.780578525040299907e-04
4.234644412994384766e+00 3.017526942092619603e-03 3.731318871904825535e-04
4.235314846038818359e+00 3.083371630365208064e-03 3.753951798910058388e-04
4.235983371734619141e+00 3.086727166513974097e-03 3.824426102287926629e-04
4.236648559570312500e+00 2.639749892067050265e-03 3.842233643655202833e-04
4.237317085266113281e+00 3.129148592447430956e-03 3.757920751433571497e-04
4.237982749938964844e+00 2.355181824064968635e-03 3.775970091764645708e-04
4.238647937774658203e+00 3.440980261612912490e-03 3.760477319037505099e-04
4.239320278167724609e+00 2.740551223114649510e-03 3.563016920895789542e-04
4.239986419677734375e+00 2.999076144923051683e-03 3.869026492990691583e-04
4.240647792816162109e+00 2.897689395551088579e-03 3.849072379280838439e-04
4.241314888000488281e+00 4.112887780759186436e-03 3.986444541979072310e-04
4.241985797882080078e+00 3.821882426569972457e-03 4.140897436265766288e-04
4.242650985717773438e+00 2.675729336123153571e-03 3.496954377069365783e-04
4.243320465087890625e+00 2.849342435374707574e-03 3.946838430751333621e-04
4.243988037109375000e+00 3.754611061013587991e-03 3.832331648970480238e-04
4.244656562805175781e+00 2.280538257537020278e-03 3.855797149638988917e-04
4.245320320129394531e+00 3.842968754945487626e-03 3.740076808659052537e-04
4.245988845825195312e+00 2.529450886203277356e-03 3.785798172811922482e-04
4.246655464172363281e+00 2.384587469057008156e-03 3.164797869300765929e-04
4.247324466705322266e+00 2.914934121390683197e-03 3.816455749302875779e-04
4.247990131378173828e+00 3.223274666471998614e-03 3.728506193306016514e-04
4.248657226562500000e+00 2.539255917856399203e-03 3.870033280990135827e-04
4.249324798583984375e+00 3.042142410063719375e-03 3.717847867310251648e-04
4.249993801116943359e+00 2.728789588040575129e-03 3.931799805163142575e-04
4.250658512115478516e+00 2.943382757210650982e-03 3.775510605259314932e-04
4.251325607299804688e+00 3.152126145794586359e-03 3.960478038273806999e-04
4.251993656158447266e+00 2.851623122566417697e-03 3.918757539509163724e-04
4.252656459808349609e+00 2.830763405626554076e-03 3.878068783622674485e-04
4.253326892852783203e+00 3.165305308307035485e-03 3.964889474271587151e-04
4.253994941711425781e+00 2.720457535576942514e-03 3.785157159149872357e-04
4.254661560058593750e+00 2.711800402667252294e-03 3.979395545051010014e-04
4.255329132080078125e+00 2.862383972274498353e-03 3.749181795772247986e-04
4.255993366241455078e+00 3.057953900360271555e-03 3.756777156558597022e-04
4.256660461425781250e+00 3.365733997657221251e-03 3.894463915709163687e-04
4.257327079772949219e+00 2.554179159952073026e-03 3.756803993170432796e-04
4.257996082305908203e+00 2.738549061573094124e-03 3.912497956916957806e-04
4.258665084838867188e+00 3.345789498586488123e-03 3.856324067222385811e-04
4.259329319000244141e+00 3.002294761050378503e-03 3.852501483841626632e-04
4.259997367858886719e+00 2.729482021521348160e-03 3.731852878844718483e-04
4.260663509368896484e+00 3.428616378461087338e-03 4.129744143367099956e-04
4.261329174041748047e+00 3.090780487255452569e-03 3.792133972869810260e-04
4.261998653411865234e+00 2.957095585594566624e-03 3.854141181315310261e-04
4.262664794921875000e+00 2.750863205039868423e-03 3.801598434613492439e-04
4.263330936431884766e+00 2.508571181996654964e-03 3.957783029105581317e-04
4.264002323150634766e+00 3.077273414351181131e-03 4.265051212165141855e-04
4.264665126800537109e+00 3.495744183944199564e-03 3.843604851870471005e-04
4.265332698822021484e+00 3.200539517050803723e-03 3.770079086626270792e-04
4.265998840332031250e+00 3.174203065780503881e-03 3.745605504480967901e-04
4.266668796539306641e+00 3.152907736458524304e-03 3.877986449626765982e-04
4.267331123352050781e+00 2.859260660456333907e-03 3.811168841610933808e-04
4.268000602722167969e+00 2.658202079528560521e-03 3.847963686181052442e-04
4.268669605255126953e+00 2.872440857234456139e-03 3.752628215662716783e-04
4.269332885742187500e+00 2.420546653871963067e-03 4.046165249930066448e-04
4.270000457763671875e+00 3.770406999921356236e-03 3.967344864264203425e-04
4.270668506622314453e+00 2.616109094198124270e-03 3.761904781922192085e-04
4.271331310272216797e+00 3.494462388887475436e-03 3.891060613330723670e-04
4.271999359130859375e+00 3.065756549094073805e-03 4.227940084891338660e-04
4.272667407989501953e+00 2.754077376956734231e-03 3.876187806244456736e-04
4.273335456848144531e+00 3.241882395658873903e-03 3.812013796556495407e-04
4.274001121520996094e+00 3.098516768715028642e-03 3.877433558878594561e-04
4.274670124053955078e+00 3.094592496118417357e-03 3.911982674173420044e-04
4.275333404541015625e+00 2.564667624207632272e-03 3.765327055592536604e-04
4.276005268096923828e+00 2.951975431438024974e-03 3.939694631795848914e-04
4.276668071746826172e+00 3.165398815330960989e-03 3.924836467048012584e-04
4.277336120605468750e+00 3.233203829837166029e-03 3.798060348682964034e-04
4.278000354766845703e+00 3.898682221462645200e-03 3.651702995036868815e-04
4.278667926788330078e+00 2.696307065349322959e-03 3.810771413834737869e-04
4.279335975646972656e+00 2.751191686467810166e-03 3.813490113242421192e-04
4.279997825622558594e+00 2.555436071833670428e-03 3.793770429293433720e-04
4.280669212341308594e+00 3.130536268013213354e-03 3.995099198745695143e-04
4.281335830688476562e+00 2.750939058576741970e-03 3.905195020080430243e-04
4.282001495361328125e+00 2.393035792099978010e-03 3.923871748111049454e-04
4.282667160034179688e+00 2.381736262503101470e-03 3.992795130820009819e-04
4.283335208892822266e+00 2.413287049892552400e-03 3.915896210127912881e-04
4.283998966217041016e+00 3.127389308242352166e-03 4.059479814417756493e-04
4.284670352935791016e+00 2.012235826444846824e-03 3.786978808798625385e-04
4.285336494445800781e+00 3.057641896451760745e-03 3.811547999666723080e-04
4.286000251770019531e+00 2.531267601632387811e-03 3.797607523193183700e-04
4.286670207977294922e+00 2.780217458101205165e-03 3.887928909728684008e-04
4.287335872650146484e+00 3.182963224895256089e-03 3.998339970710754893e-04
4.288002490997314453e+00 2.851991672464069139e-03 3.974766909421536577e-04
4.288669109344482422e+00 2.670449780976655394e-03 3.754564536933881203e-04
4.289337158203125000e+00 3.006700280586318240e-03 4.033537114644414638e-04
4.290002346038818359e+00 2.752741475257994373e-03 3.951887559286945163e-04
4.290670394897460938e+00 3.330740349899043336e-03 4.085998241902879537e-04
4.291336536407470703e+00 2.837746453985857086e-03 3.874476996986188338e-04
4.292001724243164062e+00 2.923379134097250920e-03 3.970885149814451596e-04
4.292667865753173828e+00 3.482288151683212048e-03 4.141671120587831585e-04
4.293333530426025391e+00 3.715070970152947565e-03 4.119145315904945378e-04
4.294000625610351562e+00 3.500492444071155729e-03 4.006881707917306487e-04
4.294668197631835938e+00 3.193990678147774764e-03 4.089370943121615467e-04
4.295333862304687500e+00 3.153069511746878044e-03 4.196602125863274245e-04
4.298001766204833984e+00 3.018424751379859394e-03 4.171607914066139864e-04
4.298669815063476562e+00 3.506969593787933291e-03 4.087965111845433242e-04
4.299335002899169922e+00 2.972277085712262974e-03 4.046186597484039468e-04
4.300000190734863281e+00 2.725690338767909355e-03 4.086967751352422931e-04
4.300666809082031250e+00 3.136352652256957016e-03 4.012164277340606565e-04
4.301335334777832031e+00 2.935024797724454688e-03 4.153358168879620798e-04
4.301997661590576172e+00 2.852884127856457602e-03 4.226533921211818724e-04
4.302666664123535156e+00 3.195169884445499351e-03 4.224148178373622565e-04
4.303333282470703125e+00 3.182480862607109124e-03 4.223241365325786632e-04
4.304001331329345703e+00 3.025789714901405084e-03 4.009859660892769605e-04
4.304666519165039062e+00 2.905592295722691804e-03 4.044687470000546447e-04
4.305332183837890625e+00 2.915962181377992728e-03 4.055030785284544472e-04
4.306001186370849609e+00 2.528839787889580575e-03 4.156176684700713586e-04
4.306663990020751953e+00 2.884357174798590686e-03 3.919616988099311689e-04
4.307334899902343750e+00 2.512685449765446853e-03 4.034393098666773044e-04
4.307997226715087891e+00 2.465792866571558505e-03 4.132506920387022656e-04
4.308664798736572266e+00 3.225447017278426729e-03 4.105130257793672931e-04
4.309332847595214844e+00 3.179962619003839659e-03 3.998426114666946314e-04
4.309999465942382812e+00 2.124181594200670598e-03 3.405369213373622044e-04
4.310661792755126953e+00 2.650501208335335080e-03 3.936439610322401144e-04
4.311330318450927734e+00 2.870614126861742530e-03 4.128295614023800696e-04
4.311997413635253906e+00 2.791685633464769702e-03 4.026902613218086291e-04
4.312663555145263672e+00 2.807985647231062403e-03 3.906477426503165030e-04
4.313330173492431641e+00 2.762243833380650677e-03 4.014577202174271758e-04
4.313996791839599609e+00 2.900363561102452682e-03 4.198884704391883530e-04
4.314659595489501953e+00 2.201136399772382103e-03 4.083910898361229973e-04
4.315324783325195312e+00 3.244549964250248875e-03 4.093322799787551766e-04
4.315993785858154297e+00 3.098638713481139100e-03 4.290423405034370541e-04
4.316658020019531250e+00 2.602366874432499987e-03 4.183023043199849637e-04
4.317327499389648438e+00 2.727590682695950775e-03 4.322107349764633543e-04
4.317992687225341797e+00 3.283023118464388403e-03 4.266478885667540806e-04
4.318660259246826172e+00 3.819639360029435625e-03 4.123098900693728864e-04
4.319326877593994141e+00 2.805925368203334488e-03 4.196157246509070156e-04
4.319991588592529297e+00 2.581567147325864505e-03 4.328501463164285685e-04
4.320661544799804688e+00 2.998219725733499656e-03 4.178975383848459015e-04
4.321319103240966797e+00 3.007903627317008808e-03 4.224326869861439533e-04
4.321994304656982422e+00 2.953750758204883205e-03 4.083675119336300108e-04
4.322658061981201172e+00 2.652822945404883712e-03 3.946081809045029801e-04
4.323321819305419922e+00 2.135796475811885687e-03 4.242490108830153784e-04
4.323987960815429688e+00 3.437120740636900873e-03 4.226062272114626561e-04
4.324656486511230469e+00 3.881496998564778079e-03 4.298527112893329788e-04
4.325324535369873047e+00 3.089188755960865177e-03 4.218587162574849079e-04
4.325987815856933594e+00 3.006506229910923568e-03 4.163469950899981414e-04
4.326654434204101562e+00 2.826484091733841211e-03 4.214136079951782770e-04
4.327315807342529297e+00 2.823692263958880403e-03 4.073527633747336908e-04
4.327986717224121094e+00 3.081106763727802476e-03 4.171650944819307915e-04
4.328650951385498047e+00 3.016354166346128015e-03 4.386729130651048918e-04
4.329316616058349609e+00 2.996823844670049638e-03 4.235873848166565761e-04
4.329984664916992188e+00 2.453651949463231396e-03 4.100015758335170523e-04
4.330651760101318359e+00 2.057899938583188787e-03 4.206227765689816989e-04
4.331316947937011719e+00 3.068081672824019435e-03 4.218613017903564771e-04
4.331983089447021484e+00 2.845735988200551615e-03 3.964082151084698854e-04
4.332648754119873047e+00 3.408982554804549162e-03 4.204131512390932583e-04
4.333317756652832031e+00 3.277787784504676821e-03 4.242559115588509814e-04
4.333983898162841797e+00 2.233400250146256975e-03 3.980414869383026334e-04
4.334645271301269531e+00 3.198483819988346983e-03 4.143114399791999352e-04
4.335311889648437500e+00 3.033131676939684537e-03 4.124985458194045597e-04
4.335978507995605469e+00 3.015706444669261858e-03 4.255336366902133754e-04
4.336645126342773438e+00 2.922512839442105177e-03 4.239412783958022867e-04
4.337310791015625000e+00 3.010869750524437088e-03 4.046301232920055183e-04
4.337974071502685547e+00 2.286633288917900176e-03 3.944351767911556629e-04
4.338642597198486328e+00 2.662927048994543494e-03 4.159019053993653317e-04
4.339310646057128906e+00 3.642811981240216389e-03 4.142063932696141647e-04
4.339973449707031250e+00 2.908779415645266694e-03 4.209724440817803350e-04
4.340642929077148438e+00 2.182046079035585354e-03 4.225976426739696309e-04
4.341307640075683594e+00 3.315345040326813427e-03 4.228451795413351762e-04
4.341971874237060547e+00 2.830202668311636045e-03 4.135453841986476940e-04
4.342639446258544922e+00 3.660250912475679092e-03 4.152821061594643565e-04
4.343303680419921875e+00 2.421442840827777842e-03 4.172048822537408335e-04
4.343971252441406250e+00 3.429980119149195292e-03 4.277726038956947184e-04
4.344639778137207031e+00 2.761660417724886782e-03 4.283949199476657526e-04
4.345302581787109375e+00 2.644144645638329006e-03 4.172223480251831870e-04
4.345970630645751953e+00 3.633374275246995314e-03 4.324857716756967891e-04
4.346636295318603516e+00 4.032700360587311919e-03 4.337713203065183469e-04
4.347299098968505859e+00 3.175603715912092128e-03 4.266304766977596619e-04
4.347966194152832031e+00 3.015721584204193988e-03 4.414977976182106337e-04
4.348632812500000000e+00 2.283530395143669282e-03 4.160468156197922392e-04
4.349298954010009766e+00 3.185258973976575880e-03 4.316718769557286372e-04
4.349966526031494141e+00 2.063771318929240057e-03 4.229199450509795377e-04
4.350628852844238281e+00 2.500108630400510457e-03 4.367293888453203758e-04
4.351295948028564453e+00 3.484184320744516863e-03 4.585237306777311165e-04
4.351964950561523438e+00 2.483279601854820450e-03 4.254853973820233609e-04
4.352628231048583984e+00 3.217823537547514611e-03 4.180999524865911822e-04
4.353292465209960938e+00 4.127382367366622118e-03 4.481045254584851045e-04
4.353957176208496094e+00 2.782292242791129227e-03 4.370443693318342522e-04
4.354625225067138672e+00 3.607476787096990534e-03 4.424505463004213979e-04
4.355290889739990234e+00 4.010649388569073430e-03 4.169687440922795825e-04
4.355956077575683594e+00 2.237189768978951800e-03 4.196756509762268584e-04
4.356622219085693359e+00 3.224810368157477423e-03 4.265956421680654046e-04
4.357288360595703125e+00 3.131655733625772226e-03 4.221216315233670404e-04
4.357955932617187500e+00 2.995855129765243648e-03 4.403817519985825965e-04
4.358622074127197266e+00 2.734151954054363492e-03 4.251512853486633407e-04
4.359285831451416016e+00 2.600511007023152254e-03 4.294200895781387622e-04
4.359953403472900391e+00 2.491758946653568202e-03 4.363587499055350473e-04
4.360618114471435547e+00 2.710197057324362398e-03 4.422643847858704225e-04
4.361283779144287109e+00 2.710255815947127528e-03 4.356232266381210847e-04
4.361947059631347656e+00 3.090100461175218378e-03 4.223491096134982686e-04
4.362617492675781250e+00 3.296973707400808855e-03 4.342886929140333478e-04
4.363277912139892578e+00 3.154821055320335913e-03 4.528778569914207745e-04
4.363947391510009766e+00 2.612160119163325130e-03 4.484195065459794008e-04
4.364612579345703125e+00 2.603625344230281469e-03 4.322404132120598601e-04
4.365278244018554688e+00 3.578712594530875871e-03 4.420160465891649171e-04
4.365945816040039062e+00 3.125888478507070616e-03 4.218653069590893321e-04
4.366605281829833984e+00 2.515110612672814046e-03 4.155096949891756881e-04
4.367276191711425781e+00 3.085703471310937730e-03 4.498071983375560531e-04
4.367941856384277344e+00 3.442941844654478448e-03 4.218250244152937012e-04
4.368607044219970703e+00 3.341923501121786978e-03 4.267412128203939160e-04
4.369270324707031250e+00 3.134484456860452562e-03 4.165518685417138409e-04
4.369938373565673828e+00 2.910712518418170133e-03 4.273178791914932916e-04
4.370602130889892578e+00 3.323476722276002149e-03 4.174389040148965887e-04
4.371271133422851562e+00 2.976026717174907674e-03 4.427483443124767743e-04
4.371934890747070312e+00 2.781175354005520524e-03 4.455683903694642660e-04
4.372598171234130859e+00 2.883140695150933960e-03 4.188931052637810790e-04
4.373267173767089844e+00 3.483831623881991375e-03 4.360900501680484067e-04
4.373929500579833984e+00 2.808120511613436399e-03 3.742921138145685286e-04
4.374595642089843750e+00 3.491056054270746077e-03 4.381995324966818503e-04
4.375263214111328125e+00 3.443519160674242494e-03 4.488376065623335084e-04
4.375926494598388672e+00 2.568840068205385102e-03 4.116663338478041500e-04
4.376595020294189453e+00 3.577338599908246562e-03 4.462816532902175279e-04
4.377260208129882812e+00 3.133380002451786450e-03 4.378735393927167714e-04
4.377924919128417969e+00 2.585838254181318380e-03 4.342387977803400926e-04
4.378592491149902344e+00 3.083004515061325487e-03 4.485999705297526933e-04
4.379257678985595703e+00 3.242561695871607440e-03 4.495443199572030026e-04
4.379920482635498047e+00 2.626366247781166015e-03 4.487495243960542722e-04
4.380589008331298828e+00 2.359460006632064545e-03 4.268446725487017425e-04
4.381254196166992188e+00 3.061743966774140360e-03 4.380771629552709001e-04
4.381919860839843750e+00 2.791448734874707287e-03 4.444510104189559581e-04
4.382583618164062500e+00 3.025350999507311119e-03 4.286614426370370439e-04
4.383248805999755859e+00 1.937596241537071140e-03 4.244558304366668751e-04
4.383913516998291016e+00 2.481511185389722717e-03 4.149196661651664082e-04
4.384580135345458984e+00 3.225245686321638258e-03 4.169203425549382314e-04
4.385247707366943359e+00 2.293022706727265714e-03 4.260241185693763757e-04
4.385911941528320312e+00 3.288057949019118978e-03 4.628181757003380537e-04
4.386575222015380859e+00 3.118248344911631487e-03 4.520932825807596643e-04
4.387244701385498047e+00 2.692013362659246862e-03 4.231002255181720464e-04
4.387907981872558594e+00 3.118976777406439870e-03 4.268757319581648231e-04
4.388573646545410156e+00 2.753853765218459895e-03 4.335969357407951932e-04
4.389237880706787109e+00 3.439850970986343785e-03 4.324082013652241481e-04
4.389901161193847656e+00 2.522900022665999949e-03 4.363072751309766311e-04
4.390572071075439453e+00 2.269745181843575450e-03 4.354483146822109622e-04
4.391236305236816406e+00 3.234522810662772679e-03 4.433188698726112250e-04
4.391900062561035156e+00 2.913115312695739503e-03 4.223222869327838882e-04
4.392567157745361328e+00 2.950774325964330806e-03 4.332470053557114197e-04
4.393229484558105469e+00 2.607144228410489782e-03 4.352899606338826071e-04
4.393898487091064453e+00 2.706735069350784274e-03 4.597768894219425194e-04
4.394560337066650391e+00 3.000355308128733155e-03 4.386067520031136104e-04
4.395229816436767578e+00 2.356114385586631933e-03 4.296990323433028613e-04
4.395893096923828125e+00 2.095739239177722441e-03 4.315942789342967637e-04
4.396555900573730469e+00 2.982861030033364964e-03 4.589614057089758808e-04
4.397222995758056641e+00 3.532259519436656281e-03 4.619130287208739801e-04
4.397889137268066406e+00 2.501854778448585944e-03 4.383332720670998122e-04
4.398554325103759766e+00 2.856456947930303535e-03 4.678307430348496569e-04
4.399220943450927734e+00 3.283027871424703658e-03 4.338296651037799358e-04
4.399887561798095703e+00 2.530267055078715133e-03 4.270529553562703610e-04
4.400548458099365234e+00 2.961850197983918135e-03 4.430535852414442836e-04
4.401213169097900391e+00 2.853416433579347017e-03 4.480146328043446745e-04
4.401882171630859375e+00 2.280635956420415996e-03 4.388441946116555955e-04
4.402545452117919922e+00 3.454337613785999055e-03 4.717647595470162705e-04
4.403212070465087891e+00 2.776609182952569956e-03 4.674989694844360923e-04
4.403876781463623047e+00 3.371985265170215733e-03 4.149597091570272726e-04
4.404541969299316406e+00 2.980981664057680974e-03 4.941429253022942445e-04
4.405204772949218750e+00 3.784581044713689751e-03 4.581436828290144083e-04
4.405869483947753906e+00 3.577904709326396038e-03 4.619771314760419932e-04
4.406537532806396484e+00 3.157252085269069298e-03 4.599481055240219832e-04
4.407200813293457031e+00 1.647033151143446504e-03 4.622676672172900823e-04
4.407868862152099609e+00 3.007464250852319877e-03 4.684446738390282390e-04
4.408532619476318359e+00 2.349052084264538834e-03 4.562233520394355386e-04
4.409195423126220703e+00 2.985947700611698945e-03 4.395518169023967950e-04
4.409862995147705078e+00 2.051456815297993726e-03 4.592855463586752933e-04
4.410526752471923828e+00 3.316041301159243417e-03 4.653248949918132238e-04
4.411192417144775391e+00 2.804533337492514950e-03 4.753047170219608635e-04
4.411857604980468750e+00 2.646583592938167844e-03 4.558124078661556096e-04
4.412519931793212891e+00 3.346380575683713735e-03 4.497786954722739162e-04
4.413188934326171875e+00 2.814753122074729365e-03 4.584369854048316257e-04
4.413854598999023438e+00 2.438787759557070004e-03 4.590348131421264776e-04
4.414520740509033203e+00 2.244985172482248225e-03 4.525318061200276579e-04
4.415182590484619141e+00 2.524870393504895574e-03 4.690921596187169534e-04
4.415846824645996094e+00 3.429702216321572385e-03 4.737493102910608918e-04
4.416514396667480469e+00 2.915996645010964037e-03 4.563739132493832779e-04
4.417181491851806641e+00 2.517073974979693648e-03 4.383086411971176370e-04
4.417843341827392578e+00 2.414203495728422903e-03 4.636646073576556758e-04
4.418512344360351562e+00 3.257106815249796554e-03 4.577795908391038885e-04
4.419175624847412109e+00 2.417733015221282603e-03 4.214973335457971627e-04
4.419838905334472656e+00 2.465123855462910633e-03 4.498940877603353479e-04
4.420504093170166016e+00 2.547359387198665399e-03 4.749260686282589725e-04
4.421168804168701172e+00 2.636508698353168777e-03 4.813299451907430688e-04
4.421836853027343750e+00 2.591347908048804039e-03 4.568786442128041129e-04
4.422497272491455078e+00 3.351859123731877610e-03 4.567463011318214717e-04
4.423164367675781250e+00 2.848393588073792632e-03 4.591372524583262494e-04
4.423830509185791016e+00 3.302336634306232872e-03 4.367313260811273674e-04
4.424494266510009766e+00 2.811489553303039585e-03 4.455343319961744555e-04
4.425159931182861328e+00 3.362516113592318567e-03 4.841547154901491021e-04
4.425824642181396484e+00 2.566926990872382599e-03 4.662169421106888696e-04
4.426489830017089844e+00 3.028953890838620346e-03 4.467114766775367703e-04
4.427150249481201172e+00 3.567902560598053188e-03 4.248600002134290412e-04
4.427817821502685547e+00 3.330222819868856269e-03 4.278837375147143346e-04
4.428482532501220703e+00 2.598697094210894367e-03 4.521525880431904120e-04
4.429144382476806641e+00 2.866815916100009642e-03 4.568424266521269321e-04
4.429814815521240234e+00 2.428236889606238350e-03 4.534262623752618624e-04
4.430477142333984375e+00 3.343529524287596009e-03 4.866320455329531391e-04
4.431143283843994141e+00 3.283975932198398510e-03 4.446954202782461211e-04
4.431810379028320312e+00 2.656895362234033831e-03 4.368384651975245930e-04
4.432476997375488281e+00 2.869804728405811901e-03 4.303751651370642185e-04
4.433138370513916016e+00 2.260682236323287297e-03 4.635988963964622817e-04
4.433803558349609375e+00 2.873578271387462312e-03 4.509380732907086373e-04
4.434465885162353516e+00 2.482586222112291834e-03 4.728644726116433745e-04
4.435133934020996094e+00 2.712406719039908883e-03 4.799424382972115877e-04
4.435796737670898438e+00 2.681878249727221060e-03 4.569752118727632385e-04
4.436461448669433594e+00 3.149571280551829913e-03 4.691595069696569815e-04
4.437128067016601562e+00 2.552855224275251290e-03 4.595001646798048964e-04
4.437793254852294922e+00 2.216609600557754162e-03 4.427880110810343138e-04
4.438456535339355469e+00 3.417198248556622964e-03 4.685691328233379462e-04
4.439123153686523438e+00 3.578457425613385846e-03 4.811662485873897076e-04
4.439786434173583984e+00 3.283679211304708391e-03 4.799963287828687723e-04
4.440452098846435547e+00 3.265188352834203292e-03 4.966471192210634858e-04
4.441118717193603516e+00 2.913705828219468642e-03 4.698147733685203585e-04
4.441781997680664062e+00 2.459478333500431015e-03 4.322130358629152074e-04
4.442446708679199219e+00 2.892064682174415226e-03 4.496398544242503686e-04
4.443109989166259766e+00 3.228568115349534848e-03 4.200150860853082437e-04
4.443775177001953125e+00 1.904295853335095587e-03 4.392170924624744645e-04
4.444438457489013672e+00 2.644825533669045974e-03 4.816096955747503345e-04
4.445106506347656250e+00 3.055141834291859489e-03 4.789253068689439379e-04
4.445772647857666016e+00 2.410391567781388755e-03 4.333732295439322283e-04
4.446434020996093750e+00 3.551095967059495189e-03 4.597574878524929233e-04
4.447100162506103516e+00 3.029510216326956364e-03 4.489782891050499007e-04
4.447762012481689453e+00 3.445746923274923927e-03 4.395950611734005279e-04
4.448427677154541016e+00 3.118834318643420259e-03 4.542348279440409919e-04
4.449092388153076172e+00 2.929675250350619650e-03 4.641348328963035741e-04
4.449760437011718750e+00 2.070301866722807325e-03 4.241763926269812870e-04
4.450421333312988281e+00 2.819238851684984642e-03 4.922830240743359927e-04
4.451086997985839844e+00 2.942260348305351502e-03 4.582437762718432977e-04
4.451749324798583984e+00 2.408083914539515397e-03 4.339974577083310198e-04
4.452418804168701172e+00 2.445380325844194978e-03 4.399739621520950541e-04
4.453077793121337891e+00 3.600652385429462411e-03 4.861853535788760654e-04
4.453744888305664062e+00 2.582258099841426829e-03 4.468859415251762385e-04
4.454411029815673828e+00 2.352721010072136160e-03 4.565160400621874723e-04
4.455074787139892578e+00 2.667623527678308643e-03 4.562674105843651188e-04
4.455738067626953125e+00 3.756063266475628045e-03 4.742483969789040442e-04
4.456402778625488281e+00 2.738632826493354617e-03 4.616922247729745221e-04
4.457067489624023438e+00 3.120453885171185510e-03 4.527963652891050551e-04
4.457730293273925781e+00 2.722563589969363186e-03 4.507146166588329463e-04
4.458396434783935547e+00 3.021121465886779552e-03 4.779708534852052863e-04
4.459061145782470703e+00 3.141891424158166444e-03 4.909051267407825046e-04
4.459725856781005859e+00 4.088691666219375874e-03 4.653656217897168563e-04
4.460390567779541016e+00 2.829913224418180960e-03 4.657029381662874078e-04
4.461054325103759766e+00 3.466649333175161538e-03 4.778848945871337888e-04
4.461719036102294922e+00 3.863535869920681036e-03 4.706289891794739077e-04
4.462384223937988281e+00 2.603944165206662116e-03 4.563548426103884877e-04
4.463048934936523438e+00 3.104835444172512806e-03 4.317270534425370933e-04
4.463712215423583984e+00 3.727205567239976706e-03 4.493231314183474033e-04
4.464376926422119141e+00 2.845708761343457207e-03 4.569096011151078571e-04
4.465034484863281250e+00 3.550697383681158253e-03 4.531286449499387944e-04
4.465702056884765625e+00 3.156392232784689146e-03 4.837136068684096189e-04
4.466371059417724609e+00 3.307752178565257807e-03 4.793522242420474033e-04
4.467034816741943359e+00 3.586548334675668422e-03 4.896057778879681771e-04
4.467699527740478516e+00 2.982965478474654177e-03 4.606091640836616503e-04
4.468361854553222656e+00 2.575928802778989883e-03 4.439602689962059774e-04
4.469027996063232422e+00 3.338496724888216985e-03 4.577840245439535462e-04
4.469694137573242188e+00 2.833250168425113964e-03 4.740080306875417470e-04
4.470357894897460938e+00 3.386549000637839157e-03 4.677555149484734936e-04
4.471019744873046875e+00 2.277406426052853202e-03 4.863735453474985642e-04
4.471683979034423828e+00 2.878607101720899973e-03 4.843102326464863343e-04
4.472348690032958984e+00 2.722103276277758072e-03 4.740772596257664638e-04
4.473014831542968750e+00 2.375394480888113908e-03 4.598507760263294969e-04
4.473675251007080078e+00 2.614728780844704191e-03 4.430420612444672251e-04
4.474344730377197266e+00 2.931075798745426137e-03 4.567709972335564804e-04
4.475008010864257812e+00 3.490862231514396587e-03 4.706892364931072621e-04
4.475670337677001953e+00 3.267266415310404997e-03 4.881848760326610312e-04
4.476336479187011719e+00 3.237788781239891046e-03 4.994381911606684014e-04
4.477002143859863281e+00 1.532948873222567728e-03 4.261871136940743551e-04
4.477668285369873047e+00 2.120408892074003050e-03 4.845745554703388734e-04
4.478330612182617188e+00 1.852069104782721803e-03 4.461664737174219622e-04
4.478991985321044922e+00 2.906258201921349971e-03 4.555560140204684074e-04
4.479657649993896484e+00 2.944246698696005322e-03 4.424131036979784344e-04
4.480323314666748047e+00 3.343772485217028512e-03 4.717112354072210980e-04
4.480985641479492188e+00 3.309925314373538940e-03 4.814888085088530971e-04
4.481651306152343750e+00 2.604539337756836288e-03 4.702167481318218724e-04
4.482316970825195312e+00 2.710303850792002665e-03 4.772659277266683739e-04
4.482979297637939453e+00 3.240368169468947103e-03 4.799777014559884303e-04
4.483643054962158203e+00 3.131887768602353937e-03 4.762373380056461646e-04
4.484305381774902344e+00 2.771337456286806968e-03 4.401613528666261667e-04
4.484967708587646484e+00 2.809608056439006143e-03 4.978148557483359771e-04
4.485634326934814453e+00 2.864293229606882946e-03 4.807950027730948576e-04
4.486298561096191406e+00 3.391388091628342021e-03 4.716242234912008838e-04
4.486962318420410156e+00 2.455029923285813754e-03 4.704464527724330596e-04
4.487629890441894531e+00 2.442229918863837636e-03 4.742442185667034406e-04
4.488292217254638672e+00 3.239007111927935147e-03 4.450309622287434747e-04
4.488954067230224609e+00 2.160327942897163640e-03 4.732937547060824153e-04
4.489621639251708984e+00 3.097671843551468018e-03 5.034097332134278161e-04
4.490284919738769531e+00 2.826705983615238841e-03 5.054040612943159648e-04
4.490949153900146484e+00 3.433950863958846154e-03 4.614613449605359176e-04
4.491612434387207031e+00 2.710431080267505875e-03 4.654877900422764426e-04
4.492277622222900391e+00 3.425420464110766512e-03 4.602582500264073033e-04
4.492940425872802734e+00 3.830486873693023878e-03 4.866246868890126368e-04
4.493606090545654297e+00 3.029049500769480374e-03 4.801034019608239542e-04
4.494268894195556641e+00 2.196541728657937578e-03 4.696928594599876776e-04
4.494933128356933594e+00 3.040677483485341916e-03 5.041093966913600798e-04
4.495598793029785156e+00 3.409122439910752030e-03 5.113236796205149724e-04
4.496261596679687500e+00 1.989796367564649997e-03 4.557083044480150107e-04
4.496925354003906250e+00 4.742110214507266018e-03 4.857708561322938079e-04
4.497586727142333984e+00 2.891638372206487180e-03 4.894369240417440490e-04
4.498254299163818359e+00 2.195470100545995722e-03 4.736092086227678224e-04
4.498918533325195312e+00 2.176213376320404284e-03 4.546920602637712712e-04
4.499581336975097656e+00 3.256200929893892249e-03 4.607290500023952903e-04
4.500246047973632812e+00 3.406057797341092552e-03 5.036466425880173651e-04
4.500911235809326172e+00 2.801087353218405327e-03 5.065919903440771737e-04
4.501572132110595703e+00 2.592955875168227470e-03 4.583048277382285808e-04
4.502238273620605469e+00 3.397301919450807298e-03 4.603419089184565744e-04
4.502905368804931641e+00 2.271133857625886807e-03 4.686988589751221279e-04
4.503567695617675781e+00 3.325498107642055941e-03 4.832857873471836175e-04
4.504232406616210938e+00 3.214459336722331247e-03 4.598253533409830691e-04
4.504893779754638672e+00 2.787796417420274064e-03 4.999568878376346509e-04
4.505555152893066406e+00 2.778104612997824800e-03 4.875323382384997022e-04
4.506221294403076172e+00 2.703980295433607191e-03 4.888416552825111455e-04
4.506883144378662109e+00 3.087412169797551769e-03 4.786577496520233541e-04
4.507547855377197266e+00 3.132988262135483638e-03 4.673235174950772920e-04
4.508211612701416016e+00 3.245649050574089811e-03 4.867666396787577389e-04
4.508880615234375000e+00 1.960413183657297529e-03 4.629763408039622337e-04
4.509542942047119141e+00 3.609214767350909722e-03 4.829052436432744455e-04
4.510204315185546875e+00 2.722057976568426334e-03 4.486675520828276747e-04
4.510867595672607422e+00 3.600297296060611923e-03 4.148213393703832543e-04
4.511530876159667969e+00 2.639426259840047320e-03 4.740024952097531474e-04
4.512197017669677734e+00 2.999045731710528202e-03 4.783136223343611407e-04
4.512861251831054688e+00 3.220110418474668099e-03 5.101483608018636279e-04
4.513523578643798828e+00 3.528049851381999304e-03 4.921366515222086934e-04
4.514185428619384766e+00 3.611094429765308433e-03 4.831339458967760640e-04
4.514847755432128906e+00 3.364260212323533748e-03 4.930253401937880874e-04
4.515513896942138672e+00 3.355929865534580323e-03 4.696455401607551889e-04
4.516182899475097656e+00 3.530628789411589547e-03 4.960293187361155621e-04
4.516841411590576172e+00 2.901513913799180083e-03 4.774978893128605613e-04
4.517506599426269531e+00 2.792288883106429104e-03 4.443051102212795681e-04
4.518168926239013672e+00 3.121100309201113848e-03 4.825556561185681309e-04
4.518836021423339844e+00 2.247078283045823334e-03 4.664944926484782418e-04
4.519496440887451172e+00 1.654316848984532275e-03 4.855464125263634950e-04
4.520156860351562500e+00 2.343458983507964825e-03 4.662150668900453361e-04
4.520827770233154297e+00 4.157011272767087949e-03 5.031273186252819976e-04
4.521489620208740234e+00 3.140879255589087288e-03 5.051369873879326972e-04
4.522149562835693359e+00 2.642569874621635961e-03 4.859193359973988701e-04
4.522812366485595703e+00 2.779305637799799229e-03 4.855111115662470115e-04
4.523478984832763672e+00 3.763114333886845384e-03 5.035163779810955011e-04
4.524142742156982422e+00 2.925249325915366301e-03 4.947596140987306317e-04
4.524808406829833984e+00 3.759892092337996979e-03 5.300358526366714344e-04
4.525470733642578125e+00 2.707136770235478874e-03 4.782246769233611358e-04
4.526132106781005859e+00 2.307283999140415619e-03 4.922327689966799185e-04
4.526795864105224609e+00 2.975248497245413029e-03 4.887690686417354253e-04
4.527462005615234375e+00 2.868296880345752673e-03 5.027490320043551467e-04
4.528124809265136719e+00 2.915328071134897902e-03 5.121780590133840922e-04
4.529450416564941406e+00 3.643534412847391612e-03 4.723081365233427120e-04
4.530116081237792969e+00 3.389964462541911975e-03 4.597624040515537781e-04
4.530782222747802734e+00 2.893868950034496346e-03 4.973235659713505508e-04
4.531443119049072266e+00 3.514296447623021201e-03 4.306256419235338778e-04
4.532105922698974609e+00 3.189034196514165930e-03 5.164698446167302658e-04
4.532773017883300781e+00 3.032698399494259192e-03 5.228221251091411895e-04
4.533432483673095703e+00 2.891289015699394921e-03 5.078980610955030140e-04
4.534098148345947266e+00 2.997878115638072296e-03 4.965654272093198134e-04
4.534759998321533203e+00 3.373537785500948811e-03 4.769587185867783341e-04
4.535421371459960938e+00 2.744555665172549938e-03 4.736490283750507133e-04
4.536088466644287109e+00 2.802006972814726458e-03 4.774882470257596902e-04
4.536752700805664062e+00 3.383440284143365232e-03 4.968186082073162155e-04
4.537415027618408203e+00 3.090767612475735400e-03 4.768774163904954968e-04
4.538077354431152344e+00 2.778930465720597272e-03 4.797271933442509247e-04
4.538742065429687500e+00 1.484251056215035898e-03 5.030793727366039778e-04
4.539404392242431641e+00 2.706805597299459954e-03 4.920788819155361106e-04
4.540069103240966797e+00 3.148898064333086836e-03 5.164580005688278836e-04
4.540731906890869141e+00 2.524431064539090809e-03 5.036524512989856445e-04
4.541393756866455078e+00 3.302239145482169496e-03 4.983534665921037030e-04
4.542058467864990234e+00 2.223665846068392099e-03 4.908437133716507354e-04
4.542724132537841797e+00 2.768999334969567128e-03 4.939554237508923633e-04
4.543387413024902344e+00 2.881975530496499755e-03 4.825409315647526901e-04
4.544051170349121094e+00 2.879735789468314960e-03 4.760817633395098719e-04
4.544711112976074219e+00 3.139578483689402406e-03 5.135280526547407768e-04
4.545372962951660156e+00 2.998776617199576909e-03 5.212316340741965067e-04
4.546038150787353516e+00 4.049521197629981327e-03 5.009261427908290277e-04
4.546701908111572266e+00 2.775046213854540176e-03 5.025513156666702730e-04
4.547370433807373047e+00 3.226210546987846699e-03 4.960755851116774350e-04
4.548031806945800781e+00 3.297081806233358170e-03 4.585520647803066445e-04
4.548691272735595703e+00 3.155889606487111230e-03 4.897181457555344758e-04
4.549360275268554688e+00 2.819737579459591532e-03 4.954112359168248844e-04
4.550017356872558594e+00 2.947665742933493292e-03 4.640687082736902835e-04
4.550683975219726562e+00 2.176216040768939354e-03 4.872101306679157431e-04
4.551346778869628906e+00 1.964442503505045221e-03 5.021069688393010964e-04
4.552007675170898438e+00 3.281529658880699175e-03 5.290118293306862859e-04
4.552673816680908203e+00 2.475469049733084077e-03 5.026418476710631852e-04
4.553335666656494141e+00 3.024971005043556715e-03 4.810854819649603657e-04
4.554001331329345703e+00 2.808024823717979786e-03 4.792007734901232354e-04
4.554665565490722656e+00 2.968187117862885853e-03 4.844242898765070303e-04
4.555322647094726562e+00 3.066690325584836823e-03 4.805558010412246399e-04
4.555988788604736328e+00 2.811187240523406461e-03 4.747369226576290805e-04
4.556653022766113281e+00 3.042260504246834581e-03 4.914914310897596341e-04
4.557318210601806641e+00 2.187593642117704323e-03 4.743980087012166749e-04
4.557980537414550781e+00 4.364829601073266438e-03 5.141863892977132332e-04
4.558639526367187500e+00 2.790227717489745726e-03 4.877133288344870626e-04
4.559305191040039062e+00 3.155931710684436488e-03 5.024063587424141934e-04
4.559969425201416016e+00 1.896744806716934260e-03 4.512242031313746377e-04
4.560632705688476562e+00 2.599146143796294411e-03 4.783624393946053614e-04
4.561298370361328125e+00 3.014498209485235586e-03 5.113091466121225549e-04
4.561958789825439453e+00 2.429148240871076888e-03 5.073918646384789188e-04
4.562620162963867188e+00 2.630722957845409160e-03 5.034104947723796759e-04
4.563285350799560547e+00 2.652966615577306234e-03 5.102341797277537647e-04
4.564610481262207031e+00 3.372824870010137678e-03 5.053755746633971282e-04
4.565275192260742188e+00 2.872853160200616960e-03 4.799963953868632274e-04
4.565935134887695312e+00 3.266212183733295613e-03 5.117036737088540748e-04
4.566601753234863281e+00 2.649221908599527862e-03 4.883382467245185815e-04
4.567264556884765625e+00 2.603832532105848467e-03 5.045897951176112409e-04
4.567926406860351562e+00 2.855268489529209051e-03 4.997544246637553728e-04
4.568590641021728516e+00 3.189024618056348227e-03 5.027565287398643194e-04
4.569252967834472656e+00 3.936753729962740728e-03 5.099349943560357434e-04
4.569913864135742188e+00 3.016392444434112894e-03 5.136441231359310886e-04
4.570577621459960938e+00 2.673906055553317788e-03 5.001534858397318692e-04
4.571241855621337891e+00 2.718008260996881281e-03 5.139034126016404783e-04
4.571904659271240234e+00 2.380068654911592779e-03 4.525304607023133540e-04
4.572564125061035156e+00 2.209145844794255849e-03 4.730875966196294250e-04
4.573226451873779297e+00 3.692941928417841236e-03 5.117344709492894573e-04
4.573891639709472656e+00 2.817088845656409626e-03 5.131859523251544857e-04
4.574556827545166016e+00 3.045140926551379457e-03 5.099346919309332045e-04
4.575219631195068359e+00 2.798458704864423535e-03 4.851880419165556253e-04
4.575882434844970703e+00 2.769700540883141601e-03 5.359272365412434680e-04
4.576545238494873047e+00 3.111939415587610964e-03 4.937416211264324204e-04
4.577208995819091797e+00 3.411112020259873204e-03 5.028691778040769896e-04
4.577872276306152344e+00 2.579914996146378918e-03 4.308311698201352851e-04
4.578533172607421875e+00 2.584181995086915710e-03 4.776242203275350316e-04
4.579196929931640625e+00 3.049327774701658840e-03 5.086943419912387868e-04
4.579857349395751953e+00 1.849877233939549361e-03 4.952647452137058821e-04
4.580523967742919922e+00 2.524857303295005139e-03 5.239092765733141923e-04
4.581185340881347656e+00 2.516769694541448089e-03 5.046845407867254401e-04
4.581847190856933594e+00 3.773233956165107563e-03 4.832412887261197036e-04
4.582509994506835938e+00 3.391099520530304039e-03 5.072870953789257150e-04
4.583173274993896484e+00 2.050003526745480028e-03 4.786362529997009447e-04
4.583837032318115234e+00 2.910376323541653647e-03 5.021572407475296965e-04
4.584500312805175781e+00 2.850238421732766494e-03 5.055664228936830075e-04
4.585162162780761719e+00 2.606767682630331887e-03 5.010771821002313244e-04
4.586484909057617188e+00 3.815299233008706808e-03 4.956725566876061216e-04
4.587154865264892578e+00 3.187830838632537550e-03 5.208442768784707962e-04
4.587815761566162109e+00 3.757651970162826684e-03 5.157322535567887122e-04
4.588479042053222656e+00 2.980572475297498750e-03 5.117294017484813173e-04
4.589140415191650391e+00 2.455920599282936101e-03 5.214461887324475927e-04
4.589801311492919922e+00 3.160240447463950799e-03 5.488719310403293973e-04
4.590466022491455078e+00 2.755059518110885165e-03 5.143889897275769757e-04
4.591126441955566406e+00 2.489917350650445657e-03 4.838797824953912298e-04
4.591791152954101562e+00 2.731158342824935564e-03 5.057160490586946281e-04
4.592453956604003906e+00 2.772251783537932335e-03 4.702274995925861956e-04
4.593116283416748047e+00 3.215342155976953949e-03 5.083741625139180350e-04
4.593777179718017578e+00 3.130802277571711947e-03 5.135634511128057229e-04
4.594444751739501953e+00 2.926924270179501186e-03 5.210790607137867842e-04
4.595103263854980469e+00 2.938804772482291397e-03 5.520910042968713407e-04
4.595766544342041016e+00 3.094472473813780766e-03 5.378333697233650271e-04
4.596430301666259766e+00 2.059368130174565360e-03 4.700486515515438202e-04
4.597093105316162109e+00 3.457419694466791569e-03 4.962557985857390117e-04
4.597754001617431641e+00 2.767823810635998850e-03 4.977766988491897932e-04
4.598418235778808594e+00 2.496194633243298700e-03 5.085010219960576063e-04
4.599076747894287109e+00 3.694366775129915691e-03 5.350507993276941172e-04
4.599743843078613281e+00 3.248741272306541333e-03 4.910264592651549702e-04
4.600404739379882812e+00 2.868401506395226123e-03 4.801040875856324550e-04
4.601070404052734375e+00 2.401058855561728853e-03 4.943115602734487199e-04
4.601731300354003906e+00 2.560970475009773789e-03 5.161160421506718991e-04
4.602395057678222656e+00 2.800163146666400857e-03 5.309890782514579879e-04
4.603056430816650391e+00 3.234979592634745771e-03 5.264420797195015203e-04
4.603717327117919922e+00 3.292781234048350845e-03 5.020063083410696275e-04
4.604380130767822266e+00 2.972029001975627725e-03 5.536716143368417518e-04
4.605041027069091797e+00 3.152530558733396965e-03 5.231726278127948318e-04
4.605706691741943359e+00 2.404071446433474202e-03 4.734311958874516733e-04
4.606365680694580078e+00 2.933564063657840334e-03 5.015403103674524136e-04
4.607032299041748047e+00 3.326140377919146931e-03 4.950667225786982168e-04
4.607695102691650391e+00 2.903899621238559877e-03 4.867090834064651027e-04
4.608357906341552734e+00 2.502766327018167338e-03 4.897836376600010104e-04
4.609018802642822266e+00 3.540084562376817189e-03 5.288139984708840370e-04
4.609683036804199219e+00 2.524595767234327857e-03 5.475693148081687113e-04
4.610344409942626953e+00 2.823648902502308780e-03 5.260698873076050976e-04
4.611008167266845703e+00 2.423896477030913505e-03 5.047875346796610371e-04
4.611669063568115234e+00 2.616679202498360755e-03 4.760950046240263150e-04
4.612330913543701172e+00 3.439422673170060198e-03 5.049040491484176789e-04
4.612991809844970703e+00 3.307216383807364338e-03 4.792409423229311376e-04
4.613656044006347656e+00 2.495771906560734395e-03 5.139081770862537419e-04
4.614319324493408203e+00 2.855625708293332930e-03 5.151665215603607167e-04
4.614981174468994141e+00 2.660675749585386315e-03 5.196015493012047428e-04
4.615643024444580078e+00 1.892425350028499771e-03 5.143067786888750638e-04
4.616305351257324219e+00 2.944028011798940740e-03 5.340955946460609633e-04
4.616966724395751953e+00 2.462156825989077549e-03 5.152771763656791883e-04
4.617629051208496094e+00 2.331755226880154012e-03 5.010087969949018763e-04
4.618292331695556641e+00 3.370013155913511530e-03 5.070779672130818535e-04
4.618955612182617188e+00 2.729848401762718577e-03 4.907627120991507521e-04
4.619617462158203125e+00 2.539986762793464831e-03 5.060175118921639553e-04
4.620276451110839844e+00 3.564911195983970407e-03 5.290750309968276621e-04
4.620944023132324219e+00 2.810518194735440577e-03 5.015587137778165132e-04
4.621603012084960938e+00 2.630688938438468811e-03 5.075221066251617676e-04
4.622265815734863281e+00 2.680587195149148044e-03 4.908823479450257583e-04
4.622931003570556641e+00 3.691745499376650023e-03 5.232093562629551832e-04
4.623587608337402344e+00 2.238117904010952005e-03 5.024587352919329241e-04
4.624257087707519531e+00 2.408831124645120347e-03 4.898773795703010789e-04
4.624914646148681641e+00 4.150053801308304334e-03 5.338636523813196279e-04
4.625578403472900391e+00 2.982628406755528754e-03 5.324715141139476672e-04
4.626237392425537109e+00 2.567977007588019556e-03 5.237242877441518991e-04
4.626899719238281250e+00 3.203025190692497786e-03 5.210182321655137472e-04
4.627565383911132812e+00 2.556859952166908121e-03 4.114192791964136004e-04
4.628223896026611328e+00 2.546457262661875557e-03 4.779559930574460219e-04
4.628888607025146484e+00 2.516062816393160005e-03 4.851298895253044314e-04
4.629547119140625000e+00 1.940496312167219696e-03 4.965324258374800197e-04
4.630213260650634766e+00 2.026276010243719533e-03 5.768562926956358975e-04
4.630878925323486328e+00 2.843363729681314296e-03 5.240558056636395855e-04
4.631539344787597656e+00 2.751108573299276047e-03 5.076251860941223635e-04
4.632199287414550781e+00 2.031728637608371489e-03 5.110651852620462640e-04
4.632863521575927734e+00 1.676114188518615464e-03 5.289995498259765722e-04
4.633522510528564453e+00 4.024822545877551443e-03 5.437143273276611160e-04
4.634185314178466797e+00 2.567623311077925352e-03 5.204401859750264463e-04
4.634848117828369141e+00 2.818112743218620982e-03 5.191419809535864627e-04
4.635511875152587891e+00 2.757680181792824484e-03 5.163825718255614199e-04
4.636170864105224609e+00 2.784575959775283192e-03 5.277108282883539482e-04
4.636833667755126953e+00 2.541816994243256862e-03 5.343149495158769835e-04
4.637494564056396484e+00 2.402157301426863321e-03 5.207531411132986648e-04
4.638162136077880859e+00 2.670032803640243462e-03 5.213652954599314569e-04
4.638823032379150391e+00 2.729515903526045281e-03 4.411228515609099581e-04
4.639481067657470703e+00 3.053532442390194217e-03 5.362276810253445306e-04
4.640145301818847656e+00 3.003544657924863814e-03 5.086217908285896880e-04
4.640810012817382812e+00 2.772746120765726390e-03 5.426563894871538766e-04
4.641470432281494141e+00 2.483338160226003337e-03 4.986736587215204056e-04
4.642130851745605469e+00 3.654642686010849302e-03 5.084054306584251219e-04
4.642792224884033203e+00 2.132237093718109162e-03 5.070030278157208747e-04
4.643454074859619141e+00 3.741245939182694970e-03 5.143502079573034026e-04
4.644118309020996094e+00 2.147025243191733566e-03 5.431498784801622442e-04
4.644780158996582031e+00 1.941758417928744372e-03 4.980796280124973789e-04
4.645442008972167969e+00 2.542165186347305952e-03 5.307901336528097992e-04
4.646101951599121094e+00 2.936763947435423738e-03 5.196848046626163439e-04
4.646765232086181641e+00 2.684247335329837530e-03 4.360933452834504591e-04
4.647427558898925781e+00 2.856690739139037573e-03 4.996771311383487900e-04
4.648090839385986328e+00 3.139168113815330764e-03 5.128659298148726016e-04
4.648749828338623047e+00 3.390233315276576422e-03 5.200493989240825366e-04
4.649413108825683594e+00 2.930900381694545066e-03 5.183008158967523623e-04
4.650076866149902344e+00 2.468909069930515839e-03 5.198640847383433853e-04
4.650736808776855469e+00 2.536392531322428055e-03 5.121660975444309628e-04
4.651401519775390625e+00 2.485251060634380282e-03 5.110028744605614546e-04
4.652061462402343750e+00 2.946626791220028230e-03 5.217266380033351927e-04
4.652722358703613281e+00 3.597081076167300134e-03 5.582365197723796911e-04
4.653385162353515625e+00 2.662441029898193930e-03 5.333007862661520194e-04
4.654047966003417969e+00 2.623467898052969215e-03 5.224605422574398871e-04
4.654708385467529297e+00 2.357450192096155039e-03 4.685672761050777946e-04
4.655370712280273438e+00 2.686993071513275703e-03 5.093329819492401628e-04
4.656031131744384766e+00 2.860163476280279306e-03 4.785377188479220676e-04
4.656694412231445312e+00 2.834826797516315066e-03 5.146501297030176003e-04
4.657359600067138672e+00 2.562608584893068513e-03 5.301144507923929300e-04
4.658015251159667969e+00 2.360266542296541627e-03 5.173906746263456230e-04
4.658680915832519531e+00 3.416591759237368794e-03 5.295431596120805462e-04
4.659340381622314453e+00 2.564884328424977232e-03 5.228318840110869571e-04
4.660002231597900391e+00 3.278308193554861118e-03 5.511344335285161449e-04
4.660664558410644531e+00 2.924205813068626782e-03 5.487892065422243434e-04
4.661325931549072266e+00 3.582292716051458954e-03 5.389811689874975066e-04
4.661988735198974609e+00 2.680536633966595656e-03 5.215954734721316415e-04
4.662651538848876953e+00 2.541530025045377408e-03 4.876826074053093422e-04
4.663310527801513672e+00 3.127043396410018015e-03 5.264790825179952024e-04
4.663974285125732422e+00 2.113527300662948125e-03 4.500940942807148582e-04
4.664633750915527344e+00 2.824234479428342631e-03 5.096253095989091049e-04
4.665295124053955078e+00 2.754761952344956903e-03 5.358143064333256711e-04
4.665957927703857422e+00 2.365955248737778519e-03 5.095942554734589434e-04
4.666618347167968750e+00 3.310113617322715893e-03 5.534307649290707599e-04
4.667282581329345703e+00 2.882535187728376552e-03 5.562534917798636191e-04
4.667946338653564453e+00 2.984365916099261228e-03 5.393686844039833868e-04
4.668605327606201172e+00 2.348802254291515890e-03 5.252719561808836092e-04
4.669265747070312500e+00 2.964416152021346566e-03 5.247698549277294297e-04
4.669929027557373047e+00 3.017018212117845207e-03 4.819570764870656303e-04
4.670588493347167969e+00 3.188661897581536193e-03 5.088990920017333200e-04
4.671250820159912109e+00 2.982675872596889013e-03 5.403899143672131903e-04
4.671912193298339844e+00 3.457141848476136953e-03 5.273564100913286090e-04
4.672575473785400391e+00 2.497749211625581705e-03 5.158849961370558538e-04
4.673235416412353516e+00 3.526479880279346276e-03 5.434169816744551743e-04
4.673897266387939453e+00 3.576875858528241747e-03 5.399602279374221114e-04
4.674559116363525391e+00 3.329267150719629823e-03 5.570307630068458814e-04
4.675221443176269531e+00 2.301809817492857842e-03 5.333345154388307230e-04
4.675884723663330078e+00 2.752667027804664695e-03 5.079398348361057391e-04
4.676544189453125000e+00 3.782863717392624496e-03 5.285153797826517424e-04
4.677206993103027344e+00 3.074377308972385536e-03 5.150760857116932221e-04
4.677865982055664062e+00 3.820124075933421706e-03 5.230089151699660044e-04
4.678527832031250000e+00 3.472709153624235334e-03 5.658652539089175770e-04
4.679190158843994141e+00 3.128709284737607975e-03 5.183088215760708320e-04
4.679852485656738281e+00 2.914545570613828046e-03 5.329540782128939320e-04
4.680512905120849609e+00 1.716975066488906103e-03 4.634637355011903925e-04
4.681172370910644531e+00 3.820963365915260469e-03 5.746309089220322762e-04
4.681833744049072266e+00 3.409281981507342532e-03 5.284986183174181749e-04
4.682498455047607422e+00 3.520086368666767215e-03 5.490706668692578668e-04
4.683156490325927734e+00 2.899967588427232977e-03 5.220108933188455976e-04
4.683820247650146484e+00 3.828649650525026583e-03 5.354814813504419051e-04
4.684484004974365234e+00 2.531016140231242498e-03 5.145885001192339629e-04
4.685142517089843750e+00 2.959896819343913084e-03 5.305903386132415590e-04
4.685807228088378906e+00 3.047695454673253479e-03 5.394022930155289650e-04
4.686461925506591797e+00 2.920234105059459680e-03 5.401706794315071225e-04
4.687131404876708984e+00 3.506496891429690919e-03 5.161116651269143530e-04
4.687788963317871094e+00 3.016684591811864651e-03 5.154510447041435938e-04
4.688452243804931641e+00 2.716383684998004231e-03 5.418543164898544312e-04
4.689110279083251953e+00 3.444435904401678145e-03 5.300236965890404821e-04
4.689775466918945312e+00 3.500751959723227835e-03 5.503992827903417349e-04
4.690433502197265625e+00 2.614688899161112749e-03 5.013430117569395118e-04
4.691095829010009766e+00 2.790920272538193088e-03 5.609656058196720637e-04
4.691757202148437500e+00 2.194684515942664591e-03 5.219390155423754563e-04
4.692419052124023438e+00 3.258879563826700722e-03 5.182258991309822123e-04
4.693080902099609375e+00 2.241622780574790107e-03 4.688119184078896906e-04
4.693737983703613281e+00 2.315742037917299049e-03 5.260920366905884240e-04
4.694405078887939453e+00 3.762225804183201485e-03 5.386117576279151947e-04
4.695062160491943359e+00 2.618982109195829629e-03 5.346282299789904867e-04
4.695724487304687500e+00 2.660942342065997397e-03 5.295690964993873904e-04
4.696385383605957031e+00 2.560491860328938975e-03 5.038234799894532713e-04
4.697046279907226562e+00 3.215026731793194786e-03 5.403765497461529696e-04
4.697710990905761719e+00 3.126079243632683830e-03 5.348881980964899146e-04
4.698370456695556641e+00 2.577176792920657985e-03 5.495169831238493671e-04
4.699032783508300781e+00 3.454194742073461982e-03 5.546638141255518569e-04
4.699692726135253906e+00 3.132419003246780884e-03 5.589530362639433996e-04
4.700352191925048828e+00 2.501522176105996052e-03 5.268950072485843175e-04
4.701674461364746094e+00 4.114086123986290290e-03 5.389942677361160431e-04
4.702335834503173828e+00 3.621352224602468993e-03 5.494825851518495095e-04
4.702995300292968750e+00 3.340726585467742021e-03 5.614546548602143087e-04
4.703658580780029297e+00 3.882601798535375692e-03 5.541756758260425481e-04
4.704317569732666016e+00 2.072257921073515727e-03 4.940603697735135085e-04
4.704979419708251953e+00 2.547901848038744681e-03 5.401558484286721066e-04
4.705639839172363281e+00 2.490556147000187303e-03 5.457156298444878735e-04
4.706302642822265625e+00 1.878541622046559076e-03 5.128482617859220346e-04
4.706964969635009766e+00 2.224162874771171312e-03 5.388934751333255115e-04
4.707622528076171875e+00 3.416941526216242617e-03 5.548416752774517225e-04
4.708283424377441406e+00 2.753238464935392569e-03 5.480615368870982249e-04
4.708947181701660156e+00 2.514982464970763956e-03 5.501840819235457496e-04
4.709607124328613281e+00 2.679381641405893886e-03 5.440269510050657923e-04
4.710268974304199219e+00 2.247827800662427402e-03 5.150140478869388253e-04
4.710932731628417969e+00 2.542841764667753707e-03 5.302544548986203683e-04
4.711591243743896484e+00 2.628157060734522769e-03 5.419909934446520694e-04
4.712254047393798828e+00 3.022579022234507268e-03 5.169335499272966448e-04
4.712912082672119141e+00 3.222611254738994013e-03 5.259960647076581059e-04
4.713574409484863281e+00 2.819273792456528094e-03 5.343793221498931070e-04
4.714232921600341797e+00 3.191169171427041609e-03 5.306180780421212214e-04
4.714893341064453125e+00 2.968349974410655363e-03 5.338943224398299712e-04
4.715557575225830078e+00 2.026089865536070782e-03 5.087657261954028551e-04
4.716217994689941406e+00 3.332162434095853505e-03 5.391676515905797877e-04
4.716876029968261719e+00 3.576611750127042886e-03 5.349922559508502257e-04
4.717538356781005859e+00 3.217573586301971864e-03 5.395582831362935854e-04
4.718202590942382812e+00 2.968610535105003709e-03 5.527155756722192679e-04
4.718863964080810547e+00 2.015044968967257683e-03 5.287003193501390013e-04
4.719525814056396484e+00 2.616273803454856588e-03 5.417518392486439256e-04
4.720185279846191406e+00 3.452911621942062002e-03 5.486386221380145549e-04
4.720844745635986328e+00 2.446643993783074143e-03 5.398907256804493350e-04
4.721505165100097656e+00 2.666074346447194765e-03 5.263112719051327507e-04
4.722166538238525391e+00 2.379859994186891894e-03 5.414492427603650321e-04
4.722826957702636719e+00 2.032121488591090343e-03 5.143300603515443088e-04
4.723486900329589844e+00 2.813648145093030663e-03 5.259584044863907602e-04
4.724145889282226562e+00 2.888517735670400200e-03 5.259143666953976183e-04
4.724812030792236328e+00 3.087151163661011610e-03 5.495778716083201190e-04
4.725471973419189453e+00 3.213253322682492821e-03 5.374322629762794384e-04
4.726132392883300781e+00 2.609623999547715581e-03 5.690773063480174558e-04
4.726791381835937500e+00 2.942013663152556139e-03 5.426818903950800851e-04
4.727451324462890625e+00 3.141490843590711863e-03 5.934916763091672249e-04
4.728113174438476562e+00 2.415578892855762671e-03 5.055335455586040024e-04
4.728776931762695312e+00 3.217326732168138137e-03 5.085057293249064820e-04
4.729436874389648438e+00 1.981112200545007834e-03 4.943612152257533627e-04
4.730093955993652344e+00 2.217936205599217118e-03 4.765353950123238933e-04
4.730754852294921875e+00 2.886677048580020902e-03 4.977798933502123333e-04
4.731418132781982422e+00 2.636286031428435213e-03 5.209833936077792188e-04
4.732080459594726562e+00 3.266938187336563843e-03 5.151153085640022746e-04
4.732738971710205078e+00 3.741838020877945575e-03 5.465405250192423639e-04
4.733397960662841797e+00 2.786923302703156989e-03 5.706034055854907958e-04
4.734062194824218750e+00 2.632573053404959305e-03 5.478270921289076639e-04
4.734721660614013672e+00 2.585100353395924835e-03 5.366430667802699582e-04
4.735381126403808594e+00 2.215725004802846041e-03 5.520089988249993716e-04
4.736041069030761719e+00 3.490717505849523679e-03 5.492824953058905984e-04
4.736702442169189453e+00 2.303438940821773886e-03 5.284282352962817566e-04
4.737361907958984375e+00 2.464756473856761793e-03 5.011000025293839118e-04
4.738024234771728516e+00 2.530864339417081537e-03 5.291931245818153095e-04
4.738686084747314453e+00 2.378087778945326292e-03 5.268874647121631451e-04
4.739345073699951172e+00 2.135684965647485258e-03 5.316896945807094745e-04
4.740005970001220703e+00 2.359514075578337915e-03 5.462659158279929662e-04
4.740665912628173828e+00 3.191143102954207243e-03 5.670156895797181205e-04
4.741328239440917969e+00 3.187936473575621148e-03 5.342698297373178924e-04
4.741987705230712891e+00 2.483859081332053659e-03 5.646634871725236468e-04
4.742649078369140625e+00 2.843030764420347630e-03 5.090664035080126690e-04
4.743307590484619141e+00 3.440218516181020331e-03 5.383015026301417533e-04
4.744631290435791016e+00 2.737930415596569710e-03 5.414321604732075330e-04
4.745291233062744141e+00 2.442982266339451588e-03 5.797829440467944457e-04
4.745950698852539062e+00 2.395132940265055823e-03 5.515976924175088796e-04
4.746612071990966797e+00 2.939056647715496910e-03 5.429016136434962987e-04
4.747272968292236328e+00 3.369325287403682721e-03 5.346325403502839944e-04
4.747934818267822266e+00 3.160617792272050596e-03 5.498531823012839815e-04
4.748593807220458984e+00 3.824307530749078247e-03 5.730470949727589636e-04
4.749254703521728516e+00 2.481766755082675472e-03 5.111208466369169309e-04
4.749913215637207031e+00 3.169500593573756127e-03 5.720809360255685620e-04
4.750573158264160156e+00 2.522129258530091123e-03 5.561923026433202933e-04
4.751236915588378906e+00 2.278066784806158894e-03 5.432643870699548723e-04
4.751894474029541016e+00 2.715458656509795766e-03 5.505831827667769700e-04
4.752556324005126953e+00 2.367377876671831419e-03 4.736336760614610420e-04
4.753214359283447266e+00 2.693177517029147518e-03 5.465249959517941812e-04
4.753876686096191406e+00 2.597119666359834662e-03 5.345873232089671818e-04
4.754537105560302734e+00 3.658315515413014876e-03 5.687237431174494481e-04
4.755195617675781250e+00 3.345413525537740268e-03 5.668224371159849301e-04
4.755859375000000000e+00 3.980052629062072814e-03 6.121228416873172743e-04
4.756515979766845703e+00 3.380818881964338645e-03 5.495722988093927185e-04
4.757176399230957031e+00 2.162920467612335605e-03 5.280036079978622137e-04
4.757841110229492188e+00 3.034214385156150818e-03 5.567206355436029024e-04
4.758498668670654297e+00 3.990688526465316702e-03 5.688021993253925424e-04
4.759157180786132812e+00 2.752299528883872613e-03 5.645644497240315989e-04
4.759820461273193359e+00 2.526594533604826619e-03 5.337443313193363913e-04
4.760481834411621094e+00 2.916201714876453816e-03 5.509178622826151539e-04
4.761140823364257812e+00 2.688566414088608761e-03 5.248354202416079771e-04
4.761796951293945312e+00 1.912446417155243229e-03 5.288954340231993628e-04
4.762459278106689453e+00 2.423691509663404315e-03 5.501955200062133957e-04
4.763119697570800781e+00 2.992392456092663605e-03 5.552502336841598843e-04
4.763782501220703125e+00 1.605173772661300279e-03 4.799283686783458445e-04
4.764441967010498047e+00 2.266409502432478913e-03 5.649652800214409942e-04
4.765097618103027344e+00 2.537409907704727373e-03 4.961420892745048699e-04
4.765760421752929688e+00 4.317406406887566370e-03 5.809881774564638586e-04
4.766422271728515625e+00 3.440356145431910321e-03 6.021722886080794861e-04
4.767082214355468750e+00 2.883955358614308934e-03 5.651057903489690960e-04
4.767743110656738281e+00 3.742993565308559093e-03 5.625994195479840261e-04
4.768404006958007812e+00 2.350691705278290002e-03 5.451155516074526275e-04
4.769065856933593750e+00 3.026294581349914508e-03 5.589178166811928621e-04
4.769724369049072266e+00 2.840117670390011808e-03 5.378744663746780601e-04
4.770380496978759766e+00 1.911985538245395463e-03 5.350290936621408854e-04
4.771042823791503906e+00 2.694502959256286911e-03 5.734135865116458302e-04
4.771702766418457031e+00 2.946370029126751163e-03 5.558058131346435300e-04
4.772364139556884766e+00 2.713544481255564939e-03 5.572434212368211582e-04
4.773024559020996094e+00 2.967277293049590606e-03 5.530692610669257813e-04
4.773684978485107422e+00 3.796913646553792560e-03 5.570593725930742804e-04
4.774342060089111328e+00 3.045268664327341682e-03 5.541753866558684141e-04
4.775003433227539062e+00 3.385317708744678064e-03 5.677704560212299941e-04
4.775662422180175781e+00 4.359226681694502829e-03 5.672898456954715606e-04
4.776321887969970703e+00 2.460259430638291750e-03 5.455321370637753083e-04
4.776986122131347656e+00 2.184069625507482036e-03 5.318353574137394801e-04
4.777641773223876953e+00 3.054254803102870400e-03 5.643501407472072129e-04
4.778305530548095703e+00 3.102707107438400311e-03 5.476679946053605820e-04
4.778961181640625000e+00 2.344229361698635643e-03 5.575943955659348403e-04
4.779624462127685547e+00 2.442845563388190179e-03 5.910012095157418481e-04
4.780281543731689453e+00 2.392497237890952103e-03 5.664777654093578743e-04
4.780944824218750000e+00 2.935888534699101615e-03 5.607429899692036512e-04
4.781603813171386719e+00 2.509403819660692946e-03 5.410451076493650972e-04
4.782264709472656250e+00 3.784811152920590158e-03 5.812340633872902342e-04
4.782925128936767578e+00 2.901712537953063907e-03 5.748667251889948409e-04
4.783582687377929688e+00 2.970502340168249770e-03 6.077074068688755873e-04
4.784242153167724609e+00 1.972447181886657647e-03 5.796898603507979683e-04
4.784902095794677734e+00 3.445376921080008700e-03 5.572989113485824451e-04
4.785563468933105469e+00 2.119306795655338978e-03 5.317194120513190052e-04
4.786221504211425781e+00 2.567921987658328738e-03 5.461020078307523467e-04
4.786882400512695312e+00 1.988345439139704504e-03 5.273513219781078174e-04
4.787541389465332031e+00 1.949108131796749689e-03 5.354865499328527846e-04
4.788203716278076172e+00 2.465173712430798574e-03 5.417483746171831852e-04
4.788863182067871094e+00 2.410835168986553111e-03 5.272773407575871187e-04
4.789520740509033203e+00 3.006670574306328104e-03 5.683076932296846941e-04
4.790183067321777344e+00 2.975674334343597714e-03 5.594295631559418691e-04
4.790841579437255859e+00 2.281112744903105415e-03 5.402197648998908076e-04
4.791500091552734375e+00 3.048881171258671988e-03 5.502187352538340497e-04
4.792162895202636719e+00 1.942463735703023634e-03 5.390356258139466627e-04
4.792818546295166016e+00 1.663164139717555846e-03 5.642446313855836683e-04
4.793480873107910156e+00 3.589385824559597742e-03 5.950739929060898121e-04
4.794143199920654297e+00 2.719776119024863888e-03 5.921009476828280717e-04
4.794801235198974609e+00 2.864327042214770587e-03 5.552152682520010863e-04
4.795458793640136719e+00 3.098343577828197113e-03 5.743697857070321263e-04
4.796118259429931641e+00 2.207643818807599433e-03 5.392746652963253690e-04
4.796779155731201172e+00 3.006174869748748195e-03 5.848046084770853071e-04
4.797439575195312500e+00 3.080686627033142437e-03 5.558881660827094760e-04
4.798101425170898438e+00 2.764149914606381115e-03 5.578472360196737355e-04
4.798760414123535156e+00 2.993428422510069267e-03 4.818090547101565248e-04
4.799417018890380859e+00 2.420742915250199447e-03 5.590227375729314978e-04
4.800078392028808594e+00 2.478103502846836382e-03 5.424442179742677578e-04
4.800739765167236328e+00 4.235748654755105286e-03 6.082875996712541668e-04
4.801400184631347656e+00 3.016883647946207690e-03 5.953808828678181951e-04
4.802057266235351562e+00 3.531924746723257100e-03 5.986015656196276699e-04
4.802716255187988281e+00 2.843480623799119790e-03 5.955773725418059099e-04
4.803377151489257812e+00 3.624550951248725009e-03 5.892245484592229790e-04
4.804038524627685547e+00 2.908910975958643123e-03 5.621211743232873122e-04
4.804695606231689453e+00 3.988306110548859619e-03 5.762404207418546582e-04
4.805356979370117188e+00 1.414252788944459415e-03 6.019301531646554159e-04
4.806015491485595703e+00 2.028857837247191077e-03 5.062681664550589770e-04
4.806672573089599609e+00 2.819672268685961564e-03 5.524585202723908449e-04
4.807335376739501953e+00 4.144320132001981342e-03 5.791329317808475725e-04
4.807992458343505859e+00 2.628349511351647100e-03 5.468792560143313775e-04
4.808651924133300781e+00 3.358324152854478412e-03 5.763127109787602887e-04
4.809312343597412109e+00 2.989377871262129810e-03 5.825169833244271374e-04
4.809972286224365234e+00 2.928084096844859024e-03 5.849773620856359765e-04
4.810633659362792969e+00 3.275647787404851411e-03 5.489691104930609442e-04
4.811289310455322266e+00 3.424488446348996663e-03 5.830059593674115142e-04
4.811951160430908203e+00 2.733200065750768844e-03 5.871547917952110989e-04
4.812610626220703125e+00 3.734226855909008377e-03 5.845245068609174980e-04
4.813270092010498047e+00 3.432959970882806192e-03 5.919575564843316488e-04
4.813927650451660156e+00 2.940350536814189016e-03 5.858487066620106246e-04
4.814589500427246094e+00 3.029615636663516437e-03 5.689102579455545096e-04
4.815251350402832031e+00 3.666106301621378620e-03 5.923988213802181295e-04
4.815907478332519531e+00 2.190706101639188115e-03 5.156029038984021864e-04
4.816565513610839844e+00 3.081459856911076753e-03 6.017458540811040099e-04
4.817227363586425781e+00 3.561570596748317875e-03 5.774846604633658174e-04
4.817888259887695312e+00 2.568929371612387307e-03 5.596432778688361981e-04
4.818545341491699219e+00 3.928414808394329640e-03 5.597377873720800088e-04
4.819203376770019531e+00 3.175502150644412928e-03 5.789270576945955427e-04
4.819864273071289062e+00 3.355054259234389706e-03 6.028699627107204050e-04
4.820522785186767578e+00 2.618279988519637506e-03 5.620643111774772634e-04
4.821183681488037109e+00 2.610285859486366142e-03 5.507724576623705031e-04
4.821843624114990234e+00 2.580868535058177503e-03 4.502966260742112320e-04
4.822499275207519531e+00 3.022855501974435616e-03 5.742472124932265255e-04
4.823159217834472656e+00 3.139979514619291399e-03 5.818602331619718423e-04
4.823819637298583984e+00 2.996853617430618195e-03 6.132937519455112802e-04
4.824477672576904297e+00 3.394551833828861852e-03 5.956395535774379251e-04
4.825140476226806641e+00 2.296376227234716867e-03 5.684437833256438975e-04
4.825794219970703125e+00 2.518459548763618983e-03 5.658233507565629209e-04
4.826456069946289062e+00 2.429797720462889901e-03 5.096737567810897098e-04
4.827116966247558594e+00 2.948420603119924436e-03 5.876648654223635493e-04
4.827775955200195312e+00 2.294690111766611862e-03 5.662810624966455215e-04
4.828435420989990234e+00 1.463416819620700455e-03 5.308658824782893845e-04
4.829093933105468750e+00 3.996087308093542595e-03 5.871251172525109507e-04
4.829753875732421875e+00 2.078431922904278115e-03 5.474241908860538394e-04
4.830412387847900391e+00 2.343729328450199021e-03 5.655532737205752830e-04
4.831069469451904297e+00 1.952328605055317834e-03 5.379027077685533337e-04
4.831729888916015625e+00 3.098991580182443480e-03 5.663339626785070333e-04
4.832389354705810547e+00 2.571128068329598705e-03 5.621049579470808284e-04
4.833050251007080078e+00 3.076781600736165460e-03 6.257992090322704593e-04
4.833705902099609375e+00 2.425365630479750945e-03 6.320893839569861720e-04
4.834365367889404297e+00 2.434643361018863032e-03 5.613965372876708734e-04
4.835028648376464844e+00 2.085366390977556710e-03 5.810371538832675249e-04
4.835684299468994141e+00 2.477237396186757201e-03 5.780180678702282306e-04
4.836343765258789062e+00 3.008983198400287315e-03 6.153304339880896930e-04
4.837005615234375000e+00 4.181799400231756524e-03 5.984912456102662150e-04
4.837661743164062500e+00 3.023908433750633565e-03 5.883235675753199388e-04
4.838323116302490234e+00 2.612295876422290365e-03 5.778856053630417999e-04
4.838976860046386719e+00 3.871648727071995161e-03 5.736770680873649322e-04
4.839638710021972656e+00 2.833688580846864102e-03 5.863738984832334022e-04
4.841616630554199219e+00 2.644923504838271426e-03 5.812337924867397613e-04
4.842276096343994141e+00 3.302201915211296340e-03 6.103923564522241484e-04
4.842935562133789062e+00 2.807567165414508441e-03 5.835897531050699772e-04
4.843593597412109375e+00 2.107916135047457201e-03 6.142363226578932342e-04
4.844251632690429688e+00 2.816405361934989481e-03 5.700209693792284392e-04
4.844912528991699219e+00 2.354765569680106023e-03 5.854674217972880663e-04
4.845571517944335938e+00 2.653801514490598031e-03 5.728071544188433192e-04
4.846231937408447266e+00 2.684378052143879777e-03 5.863799736749708818e-04
4.846887588500976562e+00 1.679103112757798257e-03 5.549401092937595583e-04
4.847542762756347656e+00 1.484746552254743567e-03 5.872348031092334761e-04
4.848207473754882812e+00 2.942106039991672188e-03 5.763911475055474810e-04
4.848864078521728516e+00 2.970061919874322949e-03 5.550329301732036605e-04
4.849525928497314453e+00 2.476748720482397238e-03 5.843829553231472389e-04
4.850183010101318359e+00 4.732225159625538108e-03 6.114252714861888576e-04
4.850841045379638672e+00 2.647744940853824155e-03 5.770140767711676990e-04
4.851500988006591797e+00 2.790275752937916489e-03 5.554395371364554508e-04
4.852162361145019531e+00 2.717212170814757837e-03 5.718148756111333204e-04
4.852816581726074219e+00 2.844039695684163517e-03 6.188376124292689845e-04
4.853476047515869141e+00 2.352022685259446896e-03 6.086264981526405809e-04
4.854138851165771484e+00 3.949249436526527761e-03 6.241322286491682910e-04
4.854793071746826172e+00 3.188725222884779102e-03 6.085420287408017329e-04
4.855452060699462891e+00 2.792283880087200170e-03 5.944572323471320439e-04
4.856113910675048828e+00 2.713033163606065872e-03 6.015212178411831782e-04
4.856773376464843750e+00 2.337148319457805958e-03 5.962013442067785104e-04
4.857432842254638672e+00 2.701861700220335987e-03 6.029641374975538114e-04
4.858091354370117188e+00 2.540170803226215589e-03 5.606268824364317015e-04
4.858747482299804688e+00 2.633269655753083492e-03 5.798478859621526878e-04
4.859405040740966797e+00 2.793256669219994562e-03 5.806258380196575516e-04
4.860067367553710938e+00 3.248948662759793861e-03 5.664935844670656185e-04
4.860723495483398438e+00 4.036705718176547553e-03 5.733597725296358128e-04
4.861380577087402344e+00 3.715887282255457471e-03 5.952011492212945639e-04
4.862041950225830078e+00 2.453240751014859004e-03 5.776436207326679289e-04
4.862699508666992188e+00 4.207996058224429056e-03 5.877314238134880757e-04
4.863357067108154297e+00 3.490421249833819059e-03 6.218117492216734170e-04
4.864015579223632812e+00 1.894002133047050472e-03 5.834993642080529494e-04
4.864674568176269531e+00 2.832231228895329932e-03 5.476202130433542982e-04
4.865334510803222656e+00 2.448706329464823625e-03 5.836061852685562159e-04
4.865993976593017578e+00 2.874709392189837929e-03 6.359729162894980003e-04
4.866648674011230469e+00 3.813708758108008082e-03 5.870082301684285617e-04
4.867310523986816406e+00 3.444651979995770694e-03 5.938292705674428360e-04
4.867970466613769531e+00 2.234638457982803320e-03 5.534937719028647143e-04
4.868630409240722656e+00 2.954128632116048616e-03 5.681895581300985387e-04
4.869286537170410156e+00 2.398531140596299547e-03 5.943773281906755820e-04
4.869944095611572266e+00 3.684208746268842309e-03 5.795022749197678005e-04
4.870602607727050781e+00 3.137794905911592443e-03 5.759872812928724852e-04
4.871260643005371094e+00 2.291737119846544869e-03 5.860383833864718636e-04
4.871919631958007812e+00 2.547052620990554288e-03 6.671947208034234274e-04
4.872579574584960938e+00 1.822370597566331510e-03 5.645248189474303280e-04
4.873236656188964844e+00 2.394271824231462929e-03 5.828100541224048121e-04
4.873894691467285156e+00 2.882424772451235104e-03 6.061534884418457890e-04
4.874553680419921875e+00 2.070684176777200670e-03 5.723209444592562136e-04
4.875216007232666016e+00 2.383765191449888424e-03 5.945537797276186781e-04
4.875871181488037109e+00 3.159209638782701276e-03 6.456339708019320648e-04
4.876528263092041016e+00 3.125419125014012971e-03 6.275707267516752617e-04
4.877188682556152344e+00 2.812752475288080554e-03 5.918782729740314002e-04
4.877847194671630859e+00 2.954657396026497043e-03 5.639719467199979944e-04
4.878507137298583984e+00 3.423819784803385294e-03 6.023137304792594831e-04
4.879163742065429688e+00 2.350373574770680488e-03 6.077136790999712037e-04
4.879822731018066406e+00 2.892722932982387009e-03 5.851539488785365483e-04
4.880478858947753906e+00 4.531016151011342877e-03 5.962392244537042477e-04
4.881138801574707031e+00 3.001529293145597816e-03 6.057801748270432406e-04
4.881796360015869141e+00 3.801123758152853433e-03 6.089055084173329449e-04
4.882455825805664062e+00 3.238596402992480802e-03 5.935065888825783809e-04
4.883113384246826172e+00 3.413271866653899960e-03 5.799903190737222590e-04
4.883772373199462891e+00 1.670639541812304245e-03 5.659763499895823901e-04
4.884428024291992188e+00 3.357007329636661676e-03 6.218010527124708409e-04
4.885088920593261719e+00 3.380767689879628050e-03 6.106696009491671554e-04
4.885748386383056641e+00 2.239434030847672723e-03 5.983402590140400818e-04
4.886404991149902344e+00 4.459786474646561943e-03 6.090336023763083745e-04
4.887064456939697266e+00 3.176606672811987334e-03 5.888981203304710903e-04
4.887722969055175781e+00 4.438466644597245658e-03 6.005462888189537583e-04
4.888379573822021484e+00 2.310668413209315819e-03 6.042096464090036638e-04
4.889040470123291016e+00 2.386848286600985140e-03 5.797305987113309271e-04
4.889698028564453125e+00 3.533919007621120264e-03 5.937659219761919028e-04
4.890356540679931641e+00 3.381076432446599150e-03 6.220771347702059141e-04
4.891012191772460938e+00 2.690642162093212584e-03 6.175209985096821470e-04
4.891673564910888672e+00 4.093627176646227016e-03 5.848255775355555922e-04
4.892328262329101562e+00 2.819492842221326800e-03 5.893092440835517561e-04
4.892989158630371094e+00 3.075242544664904924e-03 6.235487910904809108e-04
4.893646240234375000e+00 2.711882716562604920e-03 6.664162767066623277e-04
4.894306659698486328e+00 2.486649858165176138e-03 6.364739877344105685e-04
4.894963741302490234e+00 2.987919079442802935e-03 6.208652588884602157e-04
4.895618915557861328e+00 3.325441035449515446e-03 6.222969051983117533e-04
4.896277427673339844e+00 3.343922989760510570e-03 6.185174898766155780e-04
4.896938800811767578e+00 2.749116717097376504e-03 5.958424363367315763e-04
4.897589683532714844e+00 2.845169528412559625e-03 6.192519646241760253e-04
4.898255348205566406e+00 3.888154568111270703e-03 6.493028868917187415e-04
4.898911952972412109e+00 3.604550348539662177e-03 5.629458937392236044e-04
4.899567604064941406e+00 3.164490245019978970e-03 6.410394411652358933e-04
4.900229454040527344e+00 2.920840951374923788e-03 5.617616471798289645e-04
4.900886535644531250e+00 2.773738428622733211e-03 5.753512364497344539e-04
4.901544094085693359e+00 2.869816850371156598e-03 5.893534483490434723e-04
4.902202129364013672e+00 2.964850674159756009e-03 5.846034413050747855e-04
4.902860641479492188e+00 2.675070142683118671e-03 5.822953916784099010e-04
4.903518676757812500e+00 3.183903337104563962e-03 5.868435123779820349e-04
4.904173374176025391e+00 2.472752196200258667e-03 5.186298666555703854e-04
4.904835224151611328e+00 3.412576897727676983e-03 6.215294864428446689e-04
4.905489921569824219e+00 3.402319649214034097e-03 6.157042415539085069e-04
4.906149387359619141e+00 3.488701438351384139e-03 5.916186407750477407e-04
4.906805992126464844e+00 3.295753923161557838e-03 6.059512031392043233e-04
4.907463550567626953e+00 2.405576835591397705e-03 6.048204442259803816e-04
4.908120632171630859e+00 3.096139158982300337e-03 6.115847843005194724e-04
4.908782482147216797e+00 3.010436535631602888e-03 6.053641097181377325e-04
4.909440517425537109e+00 3.739734072134221973e-03 6.328092830784178219e-04
4.910097122192382812e+00 2.861759286185668223e-03 5.732028329550114751e-04
4.910752773284912109e+00 3.369128681541269047e-03 6.033121311289690652e-04
4.911416053771972656e+00 3.196651232450677636e-03 6.029552200448546955e-04
4.912069797515869141e+00 3.310095722550489370e-03 5.740012754631999749e-04
4.912729740142822266e+00 3.004690722656026131e-03 6.273744949458761547e-04
4.913384914398193359e+00 2.008171559980708506e-03 6.129232842313059445e-04
4.914044380187988281e+00 1.931621884768077281e-03 5.856907536508541108e-04
4.914701461791992188e+00 3.697036492736669941e-03 6.176828172521296170e-04
4.915359497070312500e+00 2.707338660561665368e-03 5.958516589274226059e-04
4.916018962860107422e+00 3.007529051768930827e-03 5.310019724679846320e-04
4.916674613952636719e+00 3.263045668832701470e-03 5.852244142041038155e-04
4.917333602905273438e+00 2.650435217426034672e-03 5.915024600540918706e-04
4.917989730834960938e+00 2.095613908150465061e-03 5.488591605207026984e-04
4.918649673461914062e+00 2.899261707457420970e-03 5.995746372494515199e-04
4.919308185577392578e+00 3.200023225374337872e-03 5.947142860502934629e-04
4.919964313507080078e+00 3.403471316664874371e-03 6.290689204381606824e-04
4.920619964599609375e+00 3.905773879936517718e-03 6.686255861621761458e-04
4.921279430389404297e+00 2.834590804738054519e-03 6.367821119459231424e-04
4.921937942504882812e+00 3.500428880419623797e-03 6.054136511480260815e-04
4.922595977783203125e+00 2.261389476002967445e-03 5.721447636991006114e-04
4.923256397247314453e+00 3.424506305692247028e-03 6.163956434881667735e-04
4.923907756805419922e+00 2.663515423620626404e-03 5.652886900088330020e-04
4.924565792083740234e+00 3.215537562620371815e-03 6.008633129864784060e-04
4.925221920013427734e+00 2.510466890891865314e-03 6.469307648169900010e-04
4.925883293151855469e+00 3.284348549753467877e-03 6.172706400624925404e-04
4.926538944244384766e+00 2.714951355336758451e-03 6.472342981205282675e-04
4.927197933197021484e+00 1.958403536158220739e-03 6.133942175770315487e-04
4.927855491638183594e+00 2.258134491566846438e-03 6.124949266029386863e-04
4.928512573242187500e+00 2.625830322651452435e-03 5.969657823024136865e-04
4.929173469543457031e+00 3.240524796898164913e-03 6.363944259940647634e-04
4.929830551147460938e+00 2.340656837133780251e-03 5.825784429193786281e-04
4.930487632751464844e+00 3.448617889580125884e-03 6.028415485738641876e-04
4.931144714355468750e+00 2.138676947086785244e-03 5.825665088309994353e-04
4.931803226470947266e+00 2.304648918978244049e-03 6.215279129054750379e-04
4.932458877563476562e+00 3.891082535117726306e-03 6.326342746275824764e-04
4.933114528656005859e+00 2.277787373332529255e-03 5.911780705680755093e-04
4.933774471282958984e+00 2.713182303180449676e-03 5.917539708215628809e-04
4.934431552886962891e+00 3.542204207685054236e-03 6.239246446262580650e-04
4.935090065002441406e+00 2.478380657260517792e-03 5.950768240343353886e-04
4.935746192932128906e+00 3.104135168330643315e-03 6.337624297372626558e-04
4.936407089233398438e+00 2.995737790257199575e-03 6.530139823582995547e-04
4.937063217163085938e+00 3.080319887940914571e-03 6.097505427825985385e-04
4.937719345092773438e+00 3.442062591191490800e-03 6.378789995329534014e-04
4.938377857208251953e+00 1.449238591864451158e-03 6.480150140156809178e-04
4.939034461975097656e+00 4.381138094603345690e-03 6.106462153776209649e-04
4.939693927764892578e+00 3.618878602026334886e-03 5.841766372422040445e-04
4.940348625183105469e+00 2.218127213699988987e-03 5.660926238940582967e-04
4.941005229949951172e+00 2.978495887290053337e-03 5.963182550628660971e-04
4.941664218902587891e+00 3.622449151364697927e-03 6.147182172944056595e-04
4.942324161529541016e+00 3.867777583714151427e-03 6.237360172504454901e-04
4.942980289459228516e+00 3.294521644084953682e-03 6.391530128736307072e-04
4.943635463714599609e+00 3.059751716223764201e-03 6.061625165464199372e-04
4.944293022155761719e+00 3.058803800418888417e-03 6.225703242128277247e-04
4.944948196411132812e+00 2.552096832124854490e-03 6.134247111165703602e-04
4.945609092712402344e+00 2.619201332766871605e-03 6.018844060517170025e-04
4.946264266967773438e+00 2.682335639427149785e-03 6.089002409463883849e-04
4.946925163269042969e+00 2.094251889214721919e-03 6.169848308607474990e-04
4.947581291198730469e+00 3.759788508203007473e-03 6.415986509202490761e-04
4.948238372802734375e+00 3.006264816752997511e-03 6.496155792241976651e-04
4.948894023895263672e+00 3.014650598032467092e-03 6.482030366630554862e-04
4.949549674987792969e+00 2.736976226775167127e-03 6.186141375453479106e-04
4.950209617614746094e+00 2.610741265554424994e-03 6.238541736878090022e-04
4.950866699218750000e+00 3.308726015068390227e-03 6.036559093957242312e-04
4.951520919799804688e+00 2.759753261886830570e-03 6.121989427889090035e-04
4.952838897705078125e+00 3.069176659038575297e-03 6.223909725438671716e-04
4.953493595123291016e+00 2.531000424872888871e-03 6.328988240493638043e-04
4.954153537750244141e+00 2.232225381877605934e-03 6.379083932138179163e-04
4.954808235168457031e+00 1.349854982473691319e-03 5.891223552813159518e-04
4.955465793609619141e+00 2.462510804013958929e-03 5.761387247806133661e-04
4.956125259399414062e+00 2.489834467945636464e-03 6.004928181425558693e-04
4.956779479980468750e+00 3.865459657229196756e-03 6.320959730845503817e-04
4.957437038421630859e+00 2.086636431126596448e-03 6.559939659706223985e-04
4.958093166351318359e+00 3.176375345328953312e-03 6.169825810101467554e-04
4.958753108978271484e+00 3.434013364724871481e-03 6.444998971691596936e-04
4.959408283233642578e+00 3.190959305824995693e-03 6.125195934766795381e-04
4.960068225860595703e+00 2.302576944818335303e-03 6.544245183486884290e-04
4.960722446441650391e+00 1.705387068925765968e-03 6.476854527020205676e-04
4.961382389068603516e+00 3.102045496703355418e-03 6.121861697961300877e-04
4.962038516998291016e+00 2.612290793157402789e-03 6.418681537548004239e-04
4.962694168090820312e+00 3.739464774394178192e-03 5.874595070928057081e-04
4.963350296020507812e+00 2.534698181120329831e-03 5.903279460322460046e-04
4.964006900787353516e+00 2.913296250798738229e-03 6.092307394070775508e-04
4.964666843414306641e+00 2.466441458142618233e-03 6.070104483956846814e-04
4.965324878692626953e+00 2.274668492836657858e-03 5.669318233888269659e-04
4.965980052947998047e+00 2.196601989011196573e-03 6.200021717221278683e-04
4.966636657714843750e+00 2.687136852953614981e-03 6.196579432721217818e-04
4.967294692993164062e+00 2.286184510802580488e-03 6.438984723135955223e-04
4.967952251434326172e+00 1.727624715710149653e-03 5.357820839526306013e-04
4.968607902526855469e+00 4.156804943134658099e-03 7.039956088238153754e-04
4.969263553619384766e+00 2.441464597194996974e-03 6.225008323754483049e-04
4.969916820526123047e+00 4.426729688711251998e-03 6.556896348816540748e-04
4.970580577850341797e+00 3.465442293494959240e-03 6.294487560676765734e-04
4.971234321594238281e+00 2.657084289744822414e-03 5.982489332539356200e-04
4.971890926361083984e+00 3.187344498520804006e-03 6.708689411765507860e-04
4.972547054290771484e+00 2.519148098510282964e-03 6.462840193176922019e-04
4.973207473754882812e+00 3.275449262181934305e-03 6.397240098536416007e-04
4.973859310150146484e+00 2.677120740018804762e-03 5.971721492069138404e-04
4.974520206451416016e+00 2.344352837751386125e-03 5.927438040379700603e-04
4.975174903869628906e+00 2.149639987252227949e-03 6.063324001081003053e-04
4.975833892822265625e+00 2.533809309468450146e-03 6.124640606903366093e-04
4.976488590240478516e+00 2.507755198198161409e-03 5.967422077195892911e-04
4.977145195007324219e+00 1.747425183185086824e-03 5.887017594248688699e-04
4.977802753448486328e+00 3.023479721787519867e-03 6.282535905009799856e-04
4.978461265563964844e+00 2.525072937211026401e-03 7.025104442259368998e-04
4.979115962982177734e+00 3.904956087162274585e-03 6.691922201713613799e-04
4.979773044586181641e+00 2.751949892182399635e-03 6.391889152361468051e-04
4.980429649353027344e+00 3.296169232060352974e-03 6.336138040959873787e-04
4.981084346771240234e+00 2.875179880663632573e-03 6.076262823348042982e-04
4.981742382049560547e+00 3.005806861301621793e-03 6.580388153560180579e-04
4.982396125793457031e+00 3.689554998427468577e-03 6.670490761761468414e-04
4.983055114746093750e+00 2.157321781949232600e-03 6.195662347712812970e-04
4.983713150024414062e+00 3.219974224736445612e-03 6.575157892642321047e-04
4.984371662139892578e+00 2.149886420086950193e-03 6.336355880562936698e-04
4.985028266906738281e+00 3.018122031602774469e-03 5.816399100654197308e-04
4.985681533813476562e+00 2.777609709296850315e-03 6.306042475652790360e-04
4.986340522766113281e+00 1.564346481116118178e-03 5.937806676617565262e-04
4.986995697021484375e+00 3.092090862180861890e-03 5.988766793972674250e-04
4.987648963928222656e+00 2.813514402798088319e-03 6.352651620857601615e-04
4.988308906555175781e+00 2.930269763132048975e-03 6.245224814779235792e-04
4.988965034484863281e+00 1.872318872933506498e-03 6.208648584911746846e-04
4.989624023437500000e+00 4.468828502180743380e-03 6.978640681714905593e-04
4.990279674530029297e+00 4.455322821393198525e-03 6.733208743332460330e-04
4.990936279296875000e+00 3.798764002847108013e-03 6.833393652141435794e-04
4.991593837738037109e+00 2.712243439445702949e-03 6.659301060484230971e-04
4.992248535156250000e+00 2.329232662096898231e-03 6.242968343367187329e-04
4.992907047271728516e+00 2.448089457058735124e-03 5.934691251751181068e-04
4.993562221527099609e+00 2.946978118114671093e-03 5.973589046509440899e-04
4.994215488433837891e+00 2.970575328016695441e-03 6.266710729721157403e-04
4.994873046875000000e+00 3.079590786890031538e-03 6.512625091245374505e-04
4.995532035827636719e+00 4.294564255751981072e-03 6.205214551074494109e-04
4.996188640594482422e+00 2.639963987804756773e-03 6.433734523471633425e-04
4.996843814849853516e+00 3.158495893478603916e-03 6.158125158435411462e-04
4.997499465942382812e+00 2.011613468715194031e-03 5.828219925936531810e-04
4.998154640197753906e+00 2.881998844039729366e-03 6.527950245303169733e-04
4.998812675476074219e+00 3.124584129682167911e-03 6.257558871455969757e-04
4.999467849731445312e+00 2.696330730751043698e-03 6.711178438672259260e-04
5.000125408172607422e+00 4.344243070456744842e-03 6.976993708729749928e-04
5.000781059265136719e+00 3.066883723542526956e-03 6.487551293910946183e-04
5.001440525054931641e+00 3.535160719846759756e-03 6.963491871941385235e-04
5.002093791961669922e+00 3.337850392155713129e-03 6.747611295135122868e-04
5.003406524658203125e+00 3.936175579929849025e-03 6.935797856800450523e-04
5.004065513610839844e+00 3.892107479480570818e-03 6.722713415568493198e-04
5.004715442657470703e+00 4.221361361863369861e-03 6.504691992391128203e-04
5.005377292633056641e+00 1.767069442709922993e-03 6.356479615956963335e-04
5.006031990051269531e+00 2.801951795151364465e-03 6.506653227946636439e-04
5.006691455841064453e+00 2.477298331811034551e-03 6.761679243180106734e-04
5.007342815399169922e+00 1.966663804674007553e-03 6.450351277121552703e-04
5.007999420166015625e+00 3.382414382280241570e-03 6.638452763760626990e-04
5.008658409118652344e+00 2.708341953223103275e-03 6.775646431255943035e-04
5.009314537048339844e+00 2.490030970773808843e-03 6.490709851539030800e-04
5.009967803955078125e+00 3.250811565359532779e-03 6.492773403286969435e-04
5.010625839233398438e+00 2.344112572596911918e-03 6.585182037699877262e-04
5.011281490325927734e+00 2.605620218658782385e-03 6.682062767245157712e-04
5.011940956115722656e+00 3.001650963367353576e-03 6.467509985635895358e-04
5.012596607208251953e+00 1.708639169484835098e-03 5.695429236691686332e-04
5.013249874114990234e+00 2.973250644607478704e-03 6.587032824731546337e-04
5.013909816741943359e+00 2.326193024138219906e-03 6.184749956005733797e-04
5.014559268951416016e+00 4.271169624861508030e-03 6.761340548756992553e-04
5.015219688415527344e+00 3.379823244480153251e-03 6.961033863019537495e-04
5.015874862670898438e+00 3.820416702872726257e-03 6.488133245171838872e-04
5.016528606414794922e+00 3.351886664382163535e-03 6.641976062060001625e-04
5.017186641693115234e+00 2.708351478035113131e-03 6.211924696064342628e-04
5.017843723297119141e+00 4.016504823758973962e-03 7.364001334206289389e-04
5.018501281738281250e+00 4.710175588456520963e-03 7.084186848723431290e-04
5.019154071807861328e+00 3.995320302160323793e-03 6.641011478869193480e-04
5.019811153411865234e+00 2.668566774338991619e-03 6.563861990069913468e-04
5.020465373992919922e+00 3.089584646947867060e-03 6.614878401772785431e-04
5.021126270294189453e+00 2.654825019556171332e-03 6.530756199941905671e-04
5.021779537200927734e+00 2.710746215567083704e-03 6.988686270797972184e-04
5.022435188293457031e+00 2.545765789591511279e-03 6.413771942769238080e-04
5.023091793060302734e+00 2.642183699164979589e-03 6.414366874376674485e-04
5.023746013641357422e+00 2.987935230107340891e-03 5.859299776757935204e-04
5.024403572082519531e+00 2.634324623301353627e-03 6.736219998849679071e-04
5.025061130523681641e+00 4.083888258903406454e-03 6.399195629402755275e-04
5.025714874267578125e+00 2.221029179347155848e-03 6.743215812549053969e-04
5.026371955871582031e+00 5.163520797996548617e-03 6.539193223962034684e-04
5.027029037475585938e+00 2.283376859142767935e-03 5.838413188859928977e-04
5.027681350708007812e+00 1.912893672587315632e-03 6.577576797234783740e-04
5.028337955474853516e+00 3.230853277075383147e-03 7.044554688108963436e-04
5.028995990753173828e+00 3.901984723816966701e-03 6.533252637125664970e-04
5.029652595520019531e+00 2.953331047466137803e-03 6.593453296642248296e-04
5.030307769775390625e+00 2.315876771133839208e-03 6.892209263171175659e-04
5.030963420867919922e+00 3.000524351144396185e-03 6.783389610654077129e-04
5.031615257263183594e+00 3.341236637056360821e-03 7.073786785038414793e-04
5.032274246215820312e+00 3.315991826848126330e-03 7.754825475077625156e-04
5.032927989959716797e+00 3.424556442614705778e-03 6.794940490270711363e-04
5.033584594726562500e+00 3.906612424910035387e-03 6.692954929081507999e-04
5.034242630004882812e+00 2.921962412568392380e-03 6.691429272576880161e-04
5.034895420074462891e+00 2.683607098907813109e-03 6.516996293769959907e-04
5.035552501678466797e+00 3.017124450908582108e-03 6.409784594229309606e-04
5.036207675933837891e+00 2.392384829947788449e-03 6.597392784786893340e-04
5.036864280700683594e+00 2.601238924805255020e-03 6.647875713343844419e-04
5.037518501281738281e+00 1.595686425834525000e-03 5.994970909570054331e-04
5.038175106048583984e+00 3.103259548252320418e-03 5.944792476010817527e-04
5.038829803466796875e+00 3.163532486785461915e-03 6.405144302129337592e-04
5.039481639862060547e+00 3.307310405761685040e-03 6.886247568798939227e-04
5.040143966674804688e+00 3.043029165032938316e-03 7.106138578791332044e-04
5.040799617767333984e+00 2.745342762445185988e-03 6.762351472426841566e-04
5.041451930999755859e+00 2.739833358276867487e-03 6.447968608936525872e-04
5.042109966278076172e+00 3.551221850825696160e-03 6.824721023861899608e-04
5.042766094207763672e+00 2.624394469708493400e-03 6.823231964128373623e-04
5.043418884277343750e+00 3.299696272714337190e-03 6.720648612409353337e-04
5.044080257415771484e+00 3.565217280120364270e-03 6.840075146860162851e-04
5.044728755950927734e+00 2.858735727033016091e-03 6.774791406664019576e-04
5.045389175415039062e+00 2.338136890161223586e-03 6.431118319447747108e-04
5.046044826507568359e+00 3.878873023668887293e-03 6.752662478971053995e-04
5.046698093414306641e+00 3.600608008868379489e-03 6.911643729444098090e-04
5.047352313995361328e+00 2.541814361735429250e-03 6.784756302318210473e-04
5.048662662506103516e+00 2.353380812212680327e-03 6.541755297625557672e-04
5.049321174621582031e+00 2.944834085259628691e-03 6.553815635761128799e-04
5.049974441528320312e+00 2.335901813591063914e-03 6.101715906038275182e-04
5.050630092620849609e+00 1.784526931683424675e-03 5.964242494964851248e-04
5.051286220550537109e+00 2.317988427936820087e-03 6.598490294965633990e-04
5.051937580108642578e+00 2.295192068375103041e-03 6.471905862508014464e-04
5.052592754364013672e+00 3.920129101416878863e-03 6.747062330654670596e-04
5.053254604339599609e+00 1.620001629093921740e-03 6.273113583876326928e-04
5.053910255432128906e+00 3.221259297289944153e-03 6.827237446272454860e-04
5.054563522338867188e+00 4.371374152862085756e-03 7.319609713003125649e-04
5.055219650268554688e+00 3.510148333238430601e-03 7.166123339899193147e-04
5.055874347686767578e+00 3.900707152625301505e-03 6.720152163519849207e-04
5.056530952453613281e+00 2.958710608544498025e-03 6.150286721773796147e-04
5.057184219360351562e+00 2.634489698378461239e-03 6.721907534457282523e-04
5.057838439941406250e+00 2.043687055969487919e-03 6.291149682008759800e-04
5.058497428894042969e+00 2.767450447697483110e-03 6.403645248043813047e-04
5.059151172637939453e+00 1.490558957541871649e-03 6.692234763409248607e-04
5.059807777404785156e+00 3.453618706548418609e-03 6.884314387793441124e-04
5.060462951660156250e+00 2.146252319126799608e-03 6.519828086325214636e-04
5.061118125915527344e+00 2.534621843613676668e-03 6.569230417279656046e-04
5.061772823333740234e+00 3.013261047477498646e-03 6.056187533091930610e-04
5.062426567077636719e+00 3.649992714969425584e-03 6.869082573240708686e-04
5.063082695007324219e+00 3.054375409658985786e-03 6.594192552754117673e-04
5.063739299774169922e+00 1.953085846500388903e-03 6.376815202911111612e-04
5.064394950866699219e+00 2.136875456462228578e-03 6.475452944002834700e-04
5.065048694610595703e+00 3.310322230083158346e-03 6.586254196472664029e-04
5.065703392028808594e+00 3.593086286693421717e-03 6.895583489974404850e-04
5.066358089447021484e+00 3.333714452092959631e-03 7.189617043561148321e-04
5.067014694213867188e+00 3.438385295275380935e-03 6.840359998711990127e-04
5.067667961120605469e+00 2.146214824242072619e-03 6.468277482273754493e-04
5.068327903747558594e+00 3.299163677249809974e-03 6.493903287701532608e-04
5.068978309631347656e+00 2.964237513122805739e-03 5.995319011031270554e-04
5.069635391235351562e+00 1.998885638239647489e-03 6.531676239170214164e-04
5.070287227630615234e+00 3.194413542749112694e-03 6.581275741067155053e-04
5.070943355560302734e+00 3.099505968416831764e-03 6.416042438828879974e-04
5.071599483489990234e+00 2.268228230747635580e-03 6.646006694997467655e-04
5.072255134582519531e+00 2.674644840970554372e-03 6.371961806625420308e-04
5.072910308837890625e+00 2.149759032171562941e-03 6.320959315429092694e-04
5.073565006256103516e+00 2.333041530004433678e-03 6.295781829869681297e-04
5.074220180511474609e+00 3.148918461762502483e-03 6.768739048814836901e-04
5.074875354766845703e+00 2.585056867099434427e-03 6.706527888269257515e-04
5.075530529022216797e+00 3.029679901788039174e-03 6.693243479319657945e-04
5.076183795928955078e+00 2.798336713871858120e-03 6.489058536827494589e-04
5.076836109161376953e+00 3.599248298784024636e-03 6.462039879246466367e-04
5.077497482299804688e+00 2.678368651829678756e-03 6.672201432175505018e-04
5.078151226043701172e+00 2.736915148714420907e-03 6.409171160640996998e-04
5.078805923461914062e+00 2.909110272855539286e-03 6.884999861549621295e-04
5.079458236694335938e+00 3.148839733735180318e-03 6.589453170635481329e-04
5.080116748809814453e+00 3.179744967887018769e-03 6.731372568892738262e-04
5.080770969390869141e+00 2.851345193505008813e-03 6.358314376645086974e-04
5.081425189971923828e+00 2.225218517627482705e-03 5.717964262187524155e-04
5.082079887390136719e+00 3.451789006758718831e-03 6.410401887154178061e-04
5.082733154296875000e+00 1.845249731382131268e-03 6.755585203996604697e-04
5.083389282226562500e+00 2.886624117284967289e-03 6.534430641206142795e-04
5.084044933319091797e+00 3.114454197282742233e-03 6.332998799295212105e-04
5.084698200225830078e+00 2.726866138333799809e-03 6.448974311208826617e-04
5.085353374481201172e+00 2.915607643577950662e-03 6.570216779566416011e-04
5.086011409759521484e+00 1.803940394595252928e-03 6.216050666027156477e-04
5.086660385131835938e+00 3.201257673429143934e-03 6.660001190421724207e-04
5.087319374084472656e+00 1.966549420620025083e-03 6.414549595362451255e-04
5.087971687316894531e+00 2.952704531971884951e-03 6.627255185177147352e-04
5.088629245758056641e+00 2.167247950047423294e-03 6.626905944242373302e-04
5.089280605316162109e+00 2.771732465876189030e-03 6.463816743816440781e-04
5.089936733245849609e+00 2.868985962442842114e-03 6.751005063005235170e-04
5.090592384338378906e+00 2.064074036831752869e-03 6.892431580514521081e-04
5.091245651245117188e+00 2.324806166961444678e-03 6.621942827052376473e-04
5.091902732849121094e+00 3.765810871972999092e-03 6.896466534427387511e-04
5.092554092407226562e+00 1.825764623084521598e-03 6.802447054324551679e-04
5.093212127685546875e+00 2.282493961789792362e-03 6.965325733359697697e-04
5.093867778778076172e+00 3.251049150872629273e-03 6.719816976791381921e-04
5.094522476196289062e+00 3.804030091174033946e-03 6.342487210945290483e-04
5.095178127288818359e+00 3.799996968758384205e-03 6.836116726899177506e-04
5.095829963684082031e+00 3.893765319565475631e-03 6.330983023682604368e-04
5.096486091613769531e+00 2.454726959430154204e-03 6.359977765151689135e-04
5.097137928009033203e+00 2.377988968094468889e-03 6.615672274168488652e-04
5.097795009613037109e+00 3.539906975374773352e-03 6.715682834703376892e-04
5.098446846008300781e+00 2.016652603578933216e-03 6.521600137714098381e-04
5.099101543426513672e+00 5.180736221856185354e-03 6.920828143868510383e-04
5.099757194519042969e+00 2.819333626335481565e-03 6.300731167387660977e-04
5.100409507751464844e+00 2.683988785825521840e-03 6.573457281582070592e-04
5.101063728332519531e+00 2.315185404284103143e-03 6.469528140018867375e-04
5.101721763610839844e+00 2.365113428801351916e-03 6.155032187702353177e-04
5.102376937866210938e+00 2.469432969116813412e-03 5.347954611986365913e-04
5.103028297424316406e+00 2.921512688999207321e-03 6.659960070632020990e-04
5.103682994842529297e+00 3.675651184553986508e-03 6.564851376720964339e-04
5.104340076446533203e+00 2.177720205551453205e-03 6.634342351686660800e-04
5.104992866516113281e+00 2.162955638583493202e-03 6.628484410128486970e-04
5.105648994445800781e+00 2.006177552961354270e-03 6.679215295793358188e-04
5.106301784515380859e+00 3.318059955292058071e-03 7.029751429913155087e-04
5.106955051422119141e+00 1.842493951924813666e-03 6.484931964963491259e-04
5.107611179351806641e+00 2.508067155423438117e-03 6.436051090815852376e-04
5.108264923095703125e+00 3.173968573468315471e-03 6.774563009995019074e-04
5.108919620513916016e+00 2.702874269059330013e-03 6.407994552658590305e-04
5.109569072723388672e+00 2.975273967002362366e-03 6.578646958559253733e-04
5.110227108001708984e+00 3.011493058615320132e-03 6.754882449023206668e-04
5.110881328582763672e+00 2.705532413257901933e-03 6.310435591403234200e-04
5.111535549163818359e+00 3.291473533534595899e-03 6.338247632956804135e-04
5.112190246582031250e+00 3.358843869776173639e-03 6.832399184192061194e-04
5.112845420837402344e+00 3.889247242729978234e-03 6.842792812484226484e-04
5.113500595092773438e+00 2.576525164447352953e-03 6.341233558924622019e-04
5.114152431488037109e+00 1.669108793904688177e-03 5.979713299891462356e-04
5.114810466766357422e+00 2.683192726028720693e-03 6.473745007546138127e-04
5.115463733673095703e+00 1.563454707596760628e-03 6.503472401634194378e-04
5.116116523742675781e+00 2.397395681569414270e-03 6.073388995169954133e-04
5.116770267486572266e+00 3.086874693093305273e-03 6.334147793115822841e-04
5.117424488067626953e+00 1.715530598858376349e-03 6.239771667836609441e-04
5.118075370788574219e+00 4.593322992652504842e-03 6.908381919362833155e-04
5.118735313415527344e+00 2.686326331868789125e-03 7.048020875703299264e-04
5.119387149810791016e+00 2.344647512983097024e-03 6.064274050553883052e-04
5.120040416717529297e+00 3.127239847806320347e-03 6.599749861269627689e-04
5.120697498321533203e+00 4.785707602788007164e-03 7.226487935391229722e-04
5.121348857879638672e+00 2.647127225195155045e-03 6.374806212444903688e-04
5.122007369995117188e+00 1.545638123655720649e-03 6.529406187175467802e-04
5.122659683227539062e+00 3.461568798428107854e-03 6.920097472661415920e-04
5.123313903808593750e+00 2.719470651840194542e-03 6.033937532573757732e-04
5.123969078063964844e+00 2.321153884696686848e-03 6.446649259990384949e-04
5.124619960784912109e+00 3.156022035742038316e-03 6.563524757774193271e-04
5.125275611877441406e+00 3.728627110586347354e-03 6.790554904086329967e-04
5.125927448272705078e+00 1.038722937483236826e-03 5.838834374151118285e-04
5.126583576202392578e+00 3.487970096597340329e-03 6.434941822868546534e-04
5.127234935760498047e+00 2.621550847313764560e-03 6.427722664954208963e-04
5.127890110015869141e+00 3.207707006796476322e-03 6.539643677907516729e-04
5.128544330596923828e+00 2.633869484813152785e-03 6.485745217952139851e-04
5.129197597503662109e+00 3.960073615943390628e-03 6.489869488945142293e-04
5.129847526550292969e+00 2.430703270330348154e-03 6.627556575331604131e-04
5.132467746734619141e+00 2.924806873200514346e-03 6.862365648143245499e-04
5.133122444152832031e+00 2.452362693412298966e-03 6.930588036889823124e-04
5.133774757385253906e+00 2.341451773836949850e-03 6.451063274814036481e-04
5.134433269500732422e+00 2.102506866997755353e-03 6.578356088976616270e-04
5.135083675384521484e+00 2.883371058782049131e-03 6.639959731181375177e-04
5.135739803314208984e+00 2.377466057889449265e-03 6.388284397000799789e-04
5.136394977569580078e+00 2.611072714382864802e-03 6.496731116135982722e-04
5.137045383453369141e+00 2.779818929628960489e-03 6.853526267009200749e-04
5.137698173522949219e+00 3.002292481936831309e-03 6.573221069140591007e-04
5.138355255126953125e+00 2.621132488633304367e-03 6.286796841749762652e-04
5.139006614685058594e+00 2.885569213907803084e-03 6.598092484070428986e-04
5.139658927917480469e+00 3.353570040276663677e-03 6.722200969764704310e-04
5.140314579010009766e+00 2.688377630003493859e-03 6.674292186082707908e-04
5.140966415405273438e+00 3.241711674996046021e-03 6.667261652116682116e-04
5.141624450683593750e+00 2.525571722893665827e-03 6.396776366594742261e-04
5.142274856567382812e+00 2.883270538149065951e-03 7.089378368091784613e-04
5.142931938171386719e+00 3.622359743259923569e-03 6.678856703823090246e-04
5.143581867218017578e+00 2.669370256060059777e-03 6.918645019510331895e-04
5.144236564636230469e+00 4.547271708648700783e-03 7.162049243464832689e-04
5.144891262054443359e+00 3.566221456716708784e-03 6.985058598156036790e-04
5.145544052124023438e+00 3.183543048153652123e-03 7.444250788134136425e-04
5.146848678588867188e+00 3.928103461645352651e-03 6.992039398875687277e-04
5.147507667541503906e+00 2.462205681480628735e-03 6.955448469237861817e-04
5.148160934448242188e+00 2.813691176482195720e-03 6.678728454338852443e-04
5.148812770843505859e+00 2.795417463264980758e-03 6.633515643040774909e-04
5.149466514587402344e+00 2.621852534722681535e-03 6.797315495060494289e-04
5.150121212005615234e+00 1.781550783076507301e-03 6.631893882986642820e-04
5.150774002075195312e+00 1.765476874501166341e-03 6.589061980108766939e-04
5.151424407958984375e+00 2.862848376665487297e-03 6.906688301574263845e-04
5.152082443237304688e+00 2.458285926249812684e-03 6.755508555173907843e-04
5.152737140655517578e+00 3.893763778276899696e-03 7.108161254665397921e-04
5.153386592864990234e+00 2.616363786683426323e-03 6.242910121223843849e-04
5.154041767120361328e+00 2.625909103795921566e-03 6.665774221032992651e-04
5.154698371887207031e+00 2.587172111397951189e-03 7.095274320660060726e-04
5.155344486236572266e+00 2.750211396508121277e-03 7.110553969474698362e-04
5.156004428863525391e+00 3.204461286190255984e-03 6.975451124043420634e-04
5.158617496490478516e+00 3.361539130361021217e-03 7.062236490954404465e-04
5.159270286560058594e+00 3.071137862543291824e-03 7.355780470405618452e-04
5.159923553466796875e+00 2.569277324410257357e-03 6.913516701789238460e-04
5.160577774047851562e+00 3.068372799636385085e-03 7.177647190313959143e-04
5.161230564117431641e+00 3.357397271333660647e-03 7.092218739750444671e-04
5.161882400512695312e+00 2.233508829495271884e-03 6.548949982412129384e-04
5.162537097930908203e+00 3.184545919091189437e-03 7.342934829254922505e-04
5.163192749023437500e+00 2.666814686269748051e-03 7.121737987994549400e-04
5.163845062255859375e+00 3.359372752304496269e-03 7.006369375437820077e-04
5.164495468139648438e+00 4.801102433638461744e-03 7.417348568268684319e-04
5.165152549743652344e+00 2.283081832446510334e-03 7.358397154014587353e-04
5.165807247161865234e+00 2.513328717143570225e-03 7.180125329714365928e-04
5.166457176208496094e+00 2.579088595807873304e-03 7.341931802750667480e-04
5.167111873626708984e+00 3.001783574312515569e-03 8.180216481089138065e-04
5.167766094207763672e+00 2.911908162090644670e-03 8.312671663531899123e-04
5.168414592742919922e+00 2.715581952389715167e-03 8.606432364336452515e-04
5.169722557067871094e+00 1.255656641508612467e-03 8.514875795816801221e-04
5.170378684997558594e+00 3.918263495745161022e-03 9.661471051660153186e-04
5.171030044555664062e+00 1.566750234238561273e-03 9.447537829327285223e-04
5.171687126159667969e+00 3.190065244398653833e-03 1.032414840425169072e-03
5.172338485717773438e+00 3.645559704201284563e-03 1.171812911276445303e-03
5.172990798950195312e+00 3.050731454941462209e-03 1.181198814353236161e-03
5.173647403717041016e+00 2.400515213585142828e-03 1.326585912742664353e-03
5.174292087554931641e+00 2.737331424798209161e-03 1.368796843535530303e-03
